sa.osmwayid,sa.osmstartnodeid,sa.osmendnodeid,geojson,sa.hour,sum_speed,total_records,avg_speed
46583484,1506445711,42442575,"{""type"":""LineString"",""coordinates"":[[-73.9619961,40.8055105],[-73.9615414,40.8061332]]}",10,22994.88588684166,817,28.15
46583484,42442575,42437142,"{""type"":""LineString"",""coordinates"":[[-73.9615414,40.8061332],[-73.961103,40.8067337],[-73.9610357,40.8068259]]}",18,155310.735265705,4375,35.5
196117064,1504153626,1504153604,"{""type"":""LineString"",""coordinates"":[[-73.9592062,40.8093313],[-73.9594918,40.8094549],[-73.9603274,40.8098142],[-73.9615733,40.810319],[-73.9620178,40.8104995]]}",7,6340.488845362409,278,22.81
524569322,42428833,42428814,"{""type"":""LineString"",""coordinates"":[[-73.9644822,40.8073825],[-73.9649464,40.8067455]]}",14,9602.75078837364,415,23.14
402097157,470209120,42428833,"{""type"":""LineString"",""coordinates"":[[-73.9639998,40.8080666],[-73.9644822,40.8073825]]}",16,65944.30555570067,2077,31.75
196117064,1504153626,1504153604,"{""type"":""LineString"",""coordinates"":[[-73.9592062,40.8093313],[-73.9594918,40.8094549],[-73.9603274,40.8098142],[-73.9615733,40.810319],[-73.9620178,40.8104995]]}",21,16664.701776815313,585,28.49
455675302,1504153604,1506591536,"{""type"":""LineString"",""coordinates"":[[-73.9620178,40.8104995],[-73.9620715,40.810521],[-73.9621944,40.8105701]]}",2,8387.794083347007,369,22.73
524569306,627905367,1506445762,"{""type"":""LineString"",""coordinates"":[[-73.9643043,40.8073074],[-73.9638845,40.8078954],[-73.9638152,40.8079924]]}",1,5906.550900308767,327,18.06
524569322,42428833,42428814,"{""type"":""LineString"",""coordinates"":[[-73.9644822,40.8073825],[-73.9649464,40.8067455]]}",8,18664.107973256294,568,32.86
524569322,42428833,42428814,"{""type"":""LineString"",""coordinates"":[[-73.9644822,40.8073825],[-73.9649464,40.8067455]]}",23,10230.937444621497,425,24.07
327917960,42442578,1504153626,"{""type"":""LineString"",""coordinates"":[[-73.9596325,40.8087475],[-73.9592062,40.8093313]]}",3,95029.15460396826,2626,36.19
402097157,470209120,42428833,"{""type"":""LineString"",""coordinates"":[[-73.9639998,40.8080666],[-73.9644822,40.8073825]]}",1,20524.256630209067,769,26.69
5671447,627905367,42428833,"{""type"":""LineString"",""coordinates"":[[-73.9643043,40.8073074],[-73.9644105,40.8073522],[-73.9644822,40.8073825]]}",5,86.39836676690305,5,17.28
196116984,1506591536,470209120,"{""type"":""LineString"",""coordinates"":[[-73.9621944,40.8105701],[-73.9625796,40.8100359],[-73.9630937,40.809323],[-73.9639998,40.8080666]]}",7,47053.08451927708,1314,35.81
46583484,1506445711,42442575,"{""type"":""LineString"",""coordinates"":[[-73.9619961,40.8055105],[-73.9615414,40.8061332]]}",18,76641.61511153381,2136,35.88
196117064,1504153626,1504153604,"{""type"":""LineString"",""coordinates"":[[-73.9592062,40.8093313],[-73.9594918,40.8094549],[-73.9603274,40.8098142],[-73.9615733,40.810319],[-73.9620178,40.8104995]]}",15,12882.602016662233,573,22.48
327917961,3347295531,3347295528,"{""type"":""LineString"",""coordinates"":[[-73.9608452,40.8070867],[-73.9605114,40.8075439]]}",23,266151.0559372363,5882,45.25
196116984,1506591536,470209120,"{""type"":""LineString"",""coordinates"":[[-73.9621944,40.8105701],[-73.9625796,40.8100359],[-73.9630937,40.809323],[-73.9639998,40.8080666]]}",6,32437.128910496693,837,38.75
5671447,627905367,42428833,"{""type"":""LineString"",""coordinates"":[[-73.9643043,40.8073074],[-73.9644105,40.8073522],[-73.9644822,40.8073825]]}",4,158.84200469357762,10,15.88
524569306,627905367,1506445762,"{""type"":""LineString"",""coordinates"":[[-73.9643043,40.8073074],[-73.9638845,40.8078954],[-73.9638152,40.8079924]]}",4,2973.1216853647047,155,19.18
455675302,1504153604,1506591536,"{""type"":""LineString"",""coordinates"":[[-73.9620178,40.8104995],[-73.9620715,40.810521],[-73.9621944,40.8105701]]}",5,4229.090562043168,162,26.11
402097156,1506445762,1504153604,"{""type"":""LineString"",""coordinates"":[[-73.9638152,40.8079924],[-73.9637536,40.8080783],[-73.9632294,40.8088095],[-73.9620178,40.8104995]]}",4,24908.228444342712,600,41.51
5672656,561035335,1506445711,"{""type"":""LineString"",""coordinates"":[[-73.964761,40.8066676],[-73.9638636,40.8062917],[-73.9628951,40.8058869],[-73.9619961,40.8055105]]}",21,901.6777965259209,54,16.7
49688932,1506445762,470209120,"{""type"":""LineString"",""coordinates"":[[-73.9638152,40.8079924],[-73.9639109,40.8080309],[-73.9639998,40.8080666]]}",16,43.545563069290495,4,10.89
46583484,1506445711,42442575,"{""type"":""LineString"",""coordinates"":[[-73.9619961,40.8055105],[-73.9615414,40.8061332]]}",5,30958.973519468433,756,40.95
46583484,42442575,42437142,"{""type"":""LineString"",""coordinates"":[[-73.9615414,40.8061332],[-73.961103,40.8067337],[-73.9610357,40.8068259]]}",13,55080.49856654613,1587,34.71
196117064,1504153626,1504153604,"{""type"":""LineString"",""coordinates"":[[-73.9592062,40.8093313],[-73.9594918,40.8094549],[-73.9603274,40.8098142],[-73.9615733,40.810319],[-73.9620178,40.8104995]]}",2,5043.521880989784,199,25.34
327917960,42442578,1504153626,"{""type"":""LineString"",""coordinates"":[[-73.9596325,40.8087475],[-73.9592062,40.8093313]]}",12,36595.62895219379,1544,23.7
5672656,42428814,561035335,"{""type"":""LineString"",""coordinates"":[[-73.9649464,40.8067455],[-73.9648794,40.8067174],[-73.964761,40.8066676]]}",18,4999.853069488279,325,15.38
46583484,42442575,42437142,"{""type"":""LineString"",""coordinates"":[[-73.9615414,40.8061332],[-73.961103,40.8067337],[-73.9610357,40.8068259]]}",5,86309.37294416926,1968,43.86
46583484,42437142,3347295531,"{""type"":""LineString"",""coordinates"":[[-73.9610357,40.8068259],[-73.9609728,40.806912],[-73.9608452,40.8070867]]}",23,261912.78586988695,6234,42.01
327917960,3347295528,42442577,"{""type"":""LineString"",""coordinates"":[[-73.9605114,40.8075439],[-73.9604349,40.8076486],[-73.9600943,40.8081151]]}",8,74739.74548079912,2014,37.11
195743139,561035335,627905367,"{""type"":""LineString"",""coordinates"":[[-73.964761,40.8066676],[-73.9643043,40.8073074]]}",0,54640.08709838585,1328,41.14
5672656,42428814,561035335,"{""type"":""LineString"",""coordinates"":[[-73.9649464,40.8067455],[-73.9648794,40.8067174],[-73.964761,40.8066676]]}",3,1179.7507634107587,66,17.88
195743139,561035335,627905367,"{""type"":""LineString"",""coordinates"":[[-73.964761,40.8066676],[-73.9643043,40.8073074]]}",9,27384.09549574542,818,33.48
327917960,3347295528,42442577,"{""type"":""LineString"",""coordinates"":[[-73.9605114,40.8075439],[-73.9604349,40.8076486],[-73.9600943,40.8081151]]}",3,128978.35049172635,2789,46.25
524569322,42428833,42428814,"{""type"":""LineString"",""coordinates"":[[-73.9644822,40.8073825],[-73.9649464,40.8067455]]}",10,15285.450743856485,509,30.03
524569322,42428833,42428814,"{""type"":""LineString"",""coordinates"":[[-73.9644822,40.8073825],[-73.9649464,40.8067455]]}",15,11795.64917958679,530,22.26
402097157,470209120,42428833,"{""type"":""LineString"",""coordinates"":[[-73.9639998,40.8080666],[-73.9644822,40.8073825]]}",2,13016.14468134445,473,27.52
402097156,1506445762,1504153604,"{""type"":""LineString"",""coordinates"":[[-73.9638152,40.8079924],[-73.9637536,40.8080783],[-73.9632294,40.8088095],[-73.9620178,40.8104995]]}",1,46076.28574328196,1135,40.6
402097157,470209120,42428833,"{""type"":""LineString"",""coordinates"":[[-73.9639998,40.8080666],[-73.9644822,40.8073825]]}",13,40981.613943935496,1343,30.51
5672656,561035335,1506445711,"{""type"":""LineString"",""coordinates"":[[-73.964761,40.8066676],[-73.9638636,40.8062917],[-73.9628951,40.8058869],[-73.9619961,40.8055105]]}",15,839.7254731799719,46,18.25
49688932,1506445762,470209120,"{""type"":""LineString"",""coordinates"":[[-73.9638152,40.8079924],[-73.9639109,40.8080309],[-73.9639998,40.8080666]]}",10,535.2191125836056,6,89.2
327917960,3347295528,42442577,"{""type"":""LineString"",""coordinates"":[[-73.9605114,40.8075439],[-73.9604349,40.8076486],[-73.9600943,40.8081151]]}",11,47529.89063934922,1396,34.05
327917960,42442578,1504153626,"{""type"":""LineString"",""coordinates"":[[-73.9596325,40.8087475],[-73.9592062,40.8093313]]}",20,58025.846537685014,3410,17.02
402097157,470209120,42428833,"{""type"":""LineString"",""coordinates"":[[-73.9639998,40.8080666],[-73.9644822,40.8073825]]}",10,52861.11438637229,1681,31.45
5672656,561035335,1506445711,"{""type"":""LineString"",""coordinates"":[[-73.964761,40.8066676],[-73.9638636,40.8062917],[-73.9628951,40.8058869],[-73.9619961,40.8055105]]}",19,1393.5139252459385,70,19.91
49688932,1506445762,470209120,"{""type"":""LineString"",""coordinates"":[[-73.9638152,40.8079924],[-73.9639109,40.8080309],[-73.9639998,40.8080666]]}",14,207.53094613655347,4,51.88
46583484,42437142,3347295531,"{""type"":""LineString"",""coordinates"":[[-73.9610357,40.8068259],[-73.9609728,40.806912],[-73.9608452,40.8070867]]}",10,66820.93559906498,1888,35.39
327917960,42442577,42442578,"{""type"":""LineString"",""coordinates"":[[-73.9600943,40.8081151],[-73.9600595,40.8081627],[-73.9596325,40.8087475]]}",13,45043.83242933403,1392,32.36
5672656,561035335,1506445711,"{""type"":""LineString"",""coordinates"":[[-73.964761,40.8066676],[-73.9638636,40.8062917],[-73.9628951,40.8058869],[-73.9619961,40.8055105]]}",7,794.7082242561991,41,19.38
49688932,1506445762,470209120,"{""type"":""LineString"",""coordinates"":[[-73.9638152,40.8079924],[-73.9639109,40.8080309],[-73.9639998,40.8080666]]}",2,3.422106001298407,1,3.42
5672656,561035335,1506445711,"{""type"":""LineString"",""coordinates"":[[-73.964761,40.8066676],[-73.9638636,40.8062917],[-73.9628951,40.8058869],[-73.9619961,40.8055105]]}",16,1083.1533213572961,62,17.47
49688932,1506445762,470209120,"{""type"":""LineString"",""coordinates"":[[-73.9638152,40.8079924],[-73.9639109,40.8080309],[-73.9639998,40.8080666]]}",11,96.65036117749803,2,48.33
195743139,561035335,627905367,"{""type"":""LineString"",""coordinates"":[[-73.964761,40.8066676],[-73.9643043,40.8073074]]}",11,26856.38257769092,738,36.39
5672656,42428814,561035335,"{""type"":""LineString"",""coordinates"":[[-73.9649464,40.8067455],[-73.9648794,40.8067174],[-73.964761,40.8066676]]}",5,1387.868730757713,75,18.5
524569322,42428833,42428814,"{""type"":""LineString"",""coordinates"":[[-73.9644822,40.8073825],[-73.9649464,40.8067455]]}",16,15800.55104518819,691,22.87
327917960,42442578,1504153626,"{""type"":""LineString"",""coordinates"":[[-73.9596325,40.8087475],[-73.9592062,40.8093313]]}",11,28384.34853702393,1337,21.23
327917961,3347295531,3347295528,"{""type"":""LineString"",""coordinates"":[[-73.9608452,40.8070867],[-73.9605114,40.8075439]]}",22,250835.08876987602,5589,44.88
5672656,42428814,561035335,"{""type"":""LineString"",""coordinates"":[[-73.9649464,40.8067455],[-73.9648794,40.8067174],[-73.964761,40.8066676]]}",20,3326.7831193588518,215,15.47
46583484,1506445711,42442575,"{""type"":""LineString"",""coordinates"":[[-73.9619961,40.8055105],[-73.9615414,40.8061332]]}",6,21812.89158091288,543,40.17
196117064,1504153626,1504153604,"{""type"":""LineString"",""coordinates"":[[-73.9592062,40.8093313],[-73.9594918,40.8094549],[-73.9603274,40.8098142],[-73.9615733,40.810319],[-73.9620178,40.8104995]]}",3,3401.12216366592,137,24.83
46583484,42442575,42437142,"{""type"":""LineString"",""coordinates"":[[-73.9615414,40.8061332],[-73.961103,40.8067337],[-73.9610357,40.8068259]]}",14,61495.23546797841,1724,35.67
5671447,627905367,42428833,"{""type"":""LineString"",""coordinates"":[[-73.9643043,40.8073074],[-73.9644105,40.8073522],[-73.9644822,40.8073825]]}",18,918.2380808388787,72,12.75
196116984,1506591536,470209120,"{""type"":""LineString"",""coordinates"":[[-73.9621944,40.8105701],[-73.9625796,40.8100359],[-73.9630937,40.809323],[-73.9639998,40.8080666]]}",20,44116.43589673073,1255,35.15
195743139,561035335,627905367,"{""type"":""LineString"",""coordinates"":[[-73.964761,40.8066676],[-73.9643043,40.8073074]]}",3,24663.101241263146,621,39.72
327917960,42442578,1504153626,"{""type"":""LineString"",""coordinates"":[[-73.9596325,40.8087475],[-73.9592062,40.8093313]]}",17,59957.35774529284,2889,20.75
402097156,1506445762,1504153604,"{""type"":""LineString"",""coordinates"":[[-73.9638152,40.8079924],[-73.9637536,40.8080783],[-73.9632294,40.8088095],[-73.9620178,40.8104995]]}",18,28054.872104238108,1282,21.88
327917961,3347295531,3347295528,"{""type"":""LineString"",""coordinates"":[[-73.9608452,40.8070867],[-73.9605114,40.8075439]]}",8,88983.39355717678,2342,37.99
327917961,3347295531,3347295528,"{""type"":""LineString"",""coordinates"":[[-73.9608452,40.8070867],[-73.9605114,40.8075439]]}",18,157180.63290266023,4038,38.93
196116984,1506591536,470209120,"{""type"":""LineString"",""coordinates"":[[-73.9621944,40.8105701],[-73.9625796,40.8100359],[-73.9630937,40.809323],[-73.9639998,40.8080666]]}",0,35316.15503597162,910,38.81
5672656,42428814,561035335,"{""type"":""LineString"",""coordinates"":[[-73.9649464,40.8067455],[-73.9648794,40.8067174],[-73.964761,40.8066676]]}",17,4555.8387751154705,322,14.15
195743139,561035335,627905367,"{""type"":""LineString"",""coordinates"":[[-73.964761,40.8066676],[-73.9643043,40.8073074]]}",23,61416.86248441572,1513,40.59
327917961,3347295531,3347295528,"{""type"":""LineString"",""coordinates"":[[-73.9608452,40.8070867],[-73.9605114,40.8075439]]}",14,65495.92036304752,1734,37.77
327917960,3347295528,42442577,"{""type"":""LineString"",""coordinates"":[[-73.9605114,40.8075439],[-73.9604349,40.8076486],[-73.9600943,40.8081151]]}",13,52698.876478914266,1461,36.07
524569322,42428833,42428814,"{""type"":""LineString"",""coordinates"":[[-73.9644822,40.8073825],[-73.9649464,40.8067455]]}",18,23048.128496187157,1019,22.62
5672656,561035335,1506445711,"{""type"":""LineString"",""coordinates"":[[-73.964761,40.8066676],[-73.9638636,40.8062917],[-73.9628951,40.8058869],[-73.9619961,40.8055105]]}",4,746.7843799872578,26,28.72
49688932,1506445762,470209120,"{""type"":""LineString"",""coordinates"":[[-73.9638152,40.8079924],[-73.9639109,40.8080309],[-73.9639998,40.8080666]]}",0,3.3724285080872276,1,3.37
5672656,561035335,1506445711,"{""type"":""LineString"",""coordinates"":[[-73.964761,40.8066676],[-73.9638636,40.8062917],[-73.9628951,40.8058869],[-73.9619961,40.8055105]]}",5,570.236063682175,21,27.15
5672656,561035335,1506445711,"{""type"":""LineString"",""coordinates"":[[-73.964761,40.8066676],[-73.9638636,40.8062917],[-73.9628951,40.8058869],[-73.9619961,40.8055105]]}",6,758.699005663856,39,19.45
49688932,1506445762,470209120,"{""type"":""LineString"",""coordinates"":[[-73.9638152,40.8079924],[-73.9639109,40.8080309],[-73.9639998,40.8080666]]}",1,79.67574186620375,1,79.68
196116984,1506591536,470209120,"{""type"":""LineString"",""coordinates"":[[-73.9621944,40.8105701],[-73.9625796,40.8100359],[-73.9630937,40.809323],[-73.9639998,40.8080666]]}",21,50683.25270076841,1390,36.46
5671447,627905367,42428833,"{""type"":""LineString"",""coordinates"":[[-73.9643043,40.8073074],[-73.9644105,40.8073522],[-73.9644822,40.8073825]]}",19,528.1845423997795,48,11.0
196116984,1506591536,470209120,"{""type"":""LineString"",""coordinates"":[[-73.9621944,40.8105701],[-73.9625796,40.8100359],[-73.9630937,40.809323],[-73.9639998,40.8080666]]}",22,52339.46386824007,1406,37.23
5671447,627905367,42428833,"{""type"":""LineString"",""coordinates"":[[-73.9643043,40.8073074],[-73.9644105,40.8073522],[-73.9644822,40.8073825]]}",20,534.6508115781485,41,13.04
5671447,627905367,42428833,"{""type"":""LineString"",""coordinates"":[[-73.9643043,40.8073074],[-73.9644105,40.8073522],[-73.9644822,40.8073825]]}",22,970.1365797280059,61,15.9
5671447,627905367,42428833,"{""type"":""LineString"",""coordinates"":[[-73.9643043,40.8073074],[-73.9644105,40.8073522],[-73.9644822,40.8073825]]}",23,541.6829565248333,39,13.89
5672656,42428814,561035335,"{""type"":""LineString"",""coordinates"":[[-73.9649464,40.8067455],[-73.9648794,40.8067174],[-73.964761,40.8066676]]}",19,3779.249528489029,262,14.42
46583484,42442575,42437142,"{""type"":""LineString"",""coordinates"":[[-73.9615414,40.8061332],[-73.961103,40.8067337],[-73.9610357,40.8068259]]}",0,264807.8449957381,6336,41.79
46583484,42442575,42437142,"{""type"":""LineString"",""coordinates"":[[-73.9615414,40.8061332],[-73.961103,40.8067337],[-73.9610357,40.8068259]]}",1,240168.81032775092,5602,42.87
46583484,42442575,42437142,"{""type"":""LineString"",""coordinates"":[[-73.9615414,40.8061332],[-73.961103,40.8067337],[-73.9610357,40.8068259]]}",2,163432.54258966586,3794,43.08
46583484,42442575,42437142,"{""type"":""LineString"",""coordinates"":[[-73.9615414,40.8061332],[-73.961103,40.8067337],[-73.9610357,40.8068259]]}",3,136190.02378514735,3127,43.55
46583484,42442575,42437142,"{""type"":""LineString"",""coordinates"":[[-73.9615414,40.8061332],[-73.961103,40.8067337],[-73.9610357,40.8068259]]}",4,118970.270768281,2662,44.69
46583484,42442575,42437142,"{""type"":""LineString"",""coordinates"":[[-73.9615414,40.8061332],[-73.961103,40.8067337],[-73.9610357,40.8068259]]}",6,62508.76724262167,1408,44.4
46583484,1506445711,42442575,"{""type"":""LineString"",""coordinates"":[[-73.9619961,40.8055105],[-73.9615414,40.8061332]]}",0,110107.3491566868,2791,39.45
46583484,42442575,42437142,"{""type"":""LineString"",""coordinates"":[[-73.9615414,40.8061332],[-73.961103,40.8067337],[-73.9610357,40.8068259]]}",8,87608.30968765308,2443,35.86
196117064,1504153626,1504153604,"{""type"":""LineString"",""coordinates"":[[-73.9592062,40.8093313],[-73.9594918,40.8094549],[-73.9603274,40.8098142],[-73.9615733,40.810319],[-73.9620178,40.8104995]]}",0,16302.271022443521,528,30.88
46583484,42442575,42437142,"{""type"":""LineString"",""coordinates"":[[-73.9615414,40.8061332],[-73.961103,40.8067337],[-73.9610357,40.8068259]]}",11,51749.97417099387,1540,33.6
46583484,1506445711,42442575,"{""type"":""LineString"",""coordinates"":[[-73.9619961,40.8055105],[-73.9615414,40.8061332]]}",3,55386.49651977145,1339,41.36
46583484,1506445711,42442575,"{""type"":""LineString"",""coordinates"":[[-73.9619961,40.8055105],[-73.9615414,40.8061332]]}",8,38061.9087284358,1096,34.73
196117064,1504153626,1504153604,"{""type"":""LineString"",""coordinates"":[[-73.9592062,40.8093313],[-73.9594918,40.8094549],[-73.9603274,40.8098142],[-73.9615733,40.810319],[-73.9620178,40.8104995]]}",5,2435.6308502042834,103,23.65
46583484,42442575,42437142,"{""type"":""LineString"",""coordinates"":[[-73.9615414,40.8061332],[-73.961103,40.8067337],[-73.9610357,40.8068259]]}",16,90665.47068006248,2647,34.25
46583484,1506445711,42442575,"{""type"":""LineString"",""coordinates"":[[-73.9619961,40.8055105],[-73.9615414,40.8061332]]}",9,37544.9869986344,1095,34.29
196117064,1504153626,1504153604,"{""type"":""LineString"",""coordinates"":[[-73.9592062,40.8093313],[-73.9594918,40.8094549],[-73.9603274,40.8098142],[-73.9615733,40.810319],[-73.9620178,40.8104995]]}",6,3525.520365724222,139,25.36
46583484,42442575,42437142,"{""type"":""LineString"",""coordinates"":[[-73.9615414,40.8061332],[-73.961103,40.8067337],[-73.9610357,40.8068259]]}",17,123062.5256439713,3533,34.83
46583484,42442575,42437142,"{""type"":""LineString"",""coordinates"":[[-73.9615414,40.8061332],[-73.961103,40.8067337],[-73.9610357,40.8068259]]}",19,155785.64937977286,4253,36.63
196117064,1504153626,1504153604,"{""type"":""LineString"",""coordinates"":[[-73.9592062,40.8093313],[-73.9594918,40.8094549],[-73.9603274,40.8098142],[-73.9615733,40.810319],[-73.9620178,40.8104995]]}",8,11974.823194538427,549,21.81
46583484,1506445711,42442575,"{""type"":""LineString"",""coordinates"":[[-73.9619961,40.8055105],[-73.9615414,40.8061332]]}",11,18127.27776816404,651,27.85
196117064,1504153626,1504153604,"{""type"":""LineString"",""coordinates"":[[-73.9592062,40.8093313],[-73.9594918,40.8094549],[-73.9603274,40.8098142],[-73.9615733,40.810319],[-73.9620178,40.8104995]]}",9,9098.033277945617,426,21.36
46583484,1506445711,42442575,"{""type"":""LineString"",""coordinates"":[[-73.9619961,40.8055105],[-73.9615414,40.8061332]]}",12,19833.878334300774,721,27.51
46583484,42442575,42437142,"{""type"":""LineString"",""coordinates"":[[-73.9615414,40.8061332],[-73.961103,40.8067337],[-73.9610357,40.8068259]]}",20,148376.45726478,3923,37.82
455675302,1504153604,1506591536,"{""type"":""LineString"",""coordinates"":[[-73.9620178,40.8104995],[-73.9620715,40.810521],[-73.9621944,40.8105701]]}",19,27447.8291884641,1159,23.68
524569306,627905367,1506445762,"{""type"":""LineString"",""coordinates"":[[-73.9643043,40.8073074],[-73.9638845,40.8078954],[-73.9638152,40.8079924]]}",18,26821.686355453374,674,39.79
327917960,3347295528,42442577,"{""type"":""LineString"",""coordinates"":[[-73.9605114,40.8075439],[-73.9604349,40.8076486],[-73.9600943,40.8081151]]}",1,230927.2566082122,4989,46.29
327917960,3347295528,42442577,"{""type"":""LineString"",""coordinates"":[[-73.9605114,40.8075439],[-73.9604349,40.8076486],[-73.9600943,40.8081151]]}",2,160854.10491944395,3379,47.6
327917960,3347295528,42442577,"{""type"":""LineString"",""coordinates"":[[-73.9605114,40.8075439],[-73.9604349,40.8076486],[-73.9600943,40.8081151]]}",4,115001.1779135734,2469,46.58
327917960,3347295528,42442577,"{""type"":""LineString"",""coordinates"":[[-73.9605114,40.8075439],[-73.9604349,40.8076486],[-73.9600943,40.8081151]]}",5,85744.61968104972,1831,46.83
327917960,3347295528,42442577,"{""type"":""LineString"",""coordinates"":[[-73.9605114,40.8075439],[-73.9604349,40.8076486],[-73.9600943,40.8081151]]}",7,74218.81453649359,1803,41.16
327917960,3347295528,42442577,"{""type"":""LineString"",""coordinates"":[[-73.9605114,40.8075439],[-73.9604349,40.8076486],[-73.9600943,40.8081151]]}",10,49651.745675535174,1475,33.66
327917960,3347295528,42442577,"{""type"":""LineString"",""coordinates"":[[-73.9605114,40.8075439],[-73.9604349,40.8076486],[-73.9600943,40.8081151]]}",14,58692.921600349284,1581,37.12
524569322,42428833,42428814,"{""type"":""LineString"",""coordinates"":[[-73.9644822,40.8073825],[-73.9649464,40.8067455]]}",9,16070.423806234154,517,31.08
524569322,42428833,42428814,"{""type"":""LineString"",""coordinates"":[[-73.9644822,40.8073825],[-73.9649464,40.8067455]]}",11,8454.967083537482,400,21.14
524569322,42428833,42428814,"{""type"":""LineString"",""coordinates"":[[-73.9644822,40.8073825],[-73.9649464,40.8067455]]}",12,9297.9788483389,394,23.6
524569322,42428833,42428814,"{""type"":""LineString"",""coordinates"":[[-73.9644822,40.8073825],[-73.9649464,40.8067455]]}",13,8011.710288448718,349,22.96
327917960,42442578,1504153626,"{""type"":""LineString"",""coordinates"":[[-73.9596325,40.8087475],[-73.9592062,40.8093313]]}",7,51720.7265022745,1827,28.31
327917960,42442578,1504153626,"{""type"":""LineString"",""coordinates"":[[-73.9596325,40.8087475],[-73.9592062,40.8093313]]}",8,44252.563028610726,2014,21.97
327917960,42442578,1504153626,"{""type"":""LineString"",""coordinates"":[[-73.9596325,40.8087475],[-73.9592062,40.8093313]]}",10,32036.58096736782,1408,22.75
327917960,42442578,1504153626,"{""type"":""LineString"",""coordinates"":[[-73.9596325,40.8087475],[-73.9592062,40.8093313]]}",14,36863.59150457324,1618,22.78
327917960,42442578,1504153626,"{""type"":""LineString"",""coordinates"":[[-73.9596325,40.8087475],[-73.9592062,40.8093313]]}",21,68926.98078427339,4350,15.85
327917960,42442578,1504153626,"{""type"":""LineString"",""coordinates"":[[-73.9596325,40.8087475],[-73.9592062,40.8093313]]}",22,72536.99578351226,4869,14.9
327917960,42442578,1504153626,"{""type"":""LineString"",""coordinates"":[[-73.9596325,40.8087475],[-73.9592062,40.8093313]]}",23,73418.55686017279,5141,14.28
402097157,470209120,42428833,"{""type"":""LineString"",""coordinates"":[[-73.9639998,40.8080666],[-73.9644822,40.8073825]]}",0,40495.37671889202,1146,35.34
402097157,470209120,42428833,"{""type"":""LineString"",""coordinates"":[[-73.9639998,40.8080666],[-73.9644822,40.8073825]]}",5,13781.36507298279,509,27.08
402097157,470209120,42428833,"{""type"":""LineString"",""coordinates"":[[-73.9639998,40.8080666],[-73.9644822,40.8073825]]}",14,43636.10602131379,1466,29.77
402097157,470209120,42428833,"{""type"":""LineString"",""coordinates"":[[-73.9639998,40.8080666],[-73.9644822,40.8073825]]}",18,85846.2707585666,2785,30.82
402097157,470209120,42428833,"{""type"":""LineString"",""coordinates"":[[-73.9639998,40.8080666],[-73.9644822,40.8073825]]}",21,60461.37085364209,1870,32.33
402097157,470209120,42428833,"{""type"":""LineString"",""coordinates"":[[-73.9639998,40.8080666],[-73.9644822,40.8073825]]}",23,54182.64617376093,1553,34.89
402097156,1506445762,1504153604,"{""type"":""LineString"",""coordinates"":[[-73.9638152,40.8079924],[-73.9637536,40.8080783],[-73.9632294,40.8088095],[-73.9620178,40.8104995]]}",0,35630.41509876077,1325,26.89
402097156,1506445762,1504153604,"{""type"":""LineString"",""coordinates"":[[-73.9638152,40.8079924],[-73.9637536,40.8080783],[-73.9632294,40.8088095],[-73.9620178,40.8104995]]}",2,38900.055038464816,933,41.69
402097156,1506445762,1504153604,"{""type"":""LineString"",""coordinates"":[[-73.9638152,40.8079924],[-73.9637536,40.8080783],[-73.9632294,40.8088095],[-73.9620178,40.8104995]]}",3,25503.57969401381,618,41.27
402097156,1506445762,1504153604,"{""type"":""LineString"",""coordinates"":[[-73.9638152,40.8079924],[-73.9637536,40.8080783],[-73.9632294,40.8088095],[-73.9620178,40.8104995]]}",10,10642.605049459891,487,21.85
327917961,3347295531,3347295528,"{""type"":""LineString"",""coordinates"":[[-73.9608452,40.8070867],[-73.9605114,40.8075439]]}",0,274919.97479174146,5959,46.14
402097156,1506445762,1504153604,"{""type"":""LineString"",""coordinates"":[[-73.9638152,40.8079924],[-73.9637536,40.8080783],[-73.9632294,40.8088095],[-73.9620178,40.8104995]]}",13,16350.943051042488,701,23.33
327917961,3347295531,3347295528,"{""type"":""LineString"",""coordinates"":[[-73.9608452,40.8070867],[-73.9605114,40.8075439]]}",3,136324.2334309909,2868,47.53
402097156,1506445762,1504153604,"{""type"":""LineString"",""coordinates"":[[-73.9638152,40.8079924],[-73.9637536,40.8080783],[-73.9632294,40.8088095],[-73.9620178,40.8104995]]}",14,13307.036976383715,617,21.57
327917961,3347295531,3347295528,"{""type"":""LineString"",""coordinates"":[[-73.9608452,40.8070867],[-73.9605114,40.8075439]]}",4,119869.83193554275,2490,48.14
327917961,3347295531,3347295528,"{""type"":""LineString"",""coordinates"":[[-73.9608452,40.8070867],[-73.9605114,40.8075439]]}",17,125305.70296077857,3309,37.87
327917961,3347295531,3347295528,"{""type"":""LineString"",""coordinates"":[[-73.9608452,40.8070867],[-73.9605114,40.8075439]]}",21,213787.34582885948,4851,44.07
5672656,561035335,1506445711,"{""type"":""LineString"",""coordinates"":[[-73.964761,40.8066676],[-73.9638636,40.8062917],[-73.9628951,40.8058869],[-73.9619961,40.8055105]]}",0,837.2311728979764,40,20.93
5672656,561035335,1506445711,"{""type"":""LineString"",""coordinates"":[[-73.964761,40.8066676],[-73.9638636,40.8062917],[-73.9628951,40.8058869],[-73.9619961,40.8055105]]}",13,726.9938554378747,43,16.91
49688932,1506445762,470209120,"{""type"":""LineString"",""coordinates"":[[-73.9638152,40.8079924],[-73.9639109,40.8080309],[-73.9639998,40.8080666]]}",8,167.82094347783416,3,55.94
5672656,561035335,1506445711,"{""type"":""LineString"",""coordinates"":[[-73.964761,40.8066676],[-73.9638636,40.8062917],[-73.9628951,40.8058869],[-73.9619961,40.8055105]]}",17,1405.1732747022213,69,20.36
49688932,1506445762,470209120,"{""type"":""LineString"",""coordinates"":[[-73.9638152,40.8079924],[-73.9639109,40.8080309],[-73.9639998,40.8080666]]}",12,34.29486864379187,3,11.43
49688932,1506445762,470209120,"{""type"":""LineString"",""coordinates"":[[-73.9638152,40.8079924],[-73.9639109,40.8080309],[-73.9639998,40.8080666]]}",19,93.40484612969568,1,93.4
49688932,1506445762,470209120,"{""type"":""LineString"",""coordinates"":[[-73.9638152,40.8079924],[-73.9639109,40.8080309],[-73.9639998,40.8080666]]}",20,97.1996978278178,2,48.6
327917960,42442577,42442578,"{""type"":""LineString"",""coordinates"":[[-73.9600943,40.8081151],[-73.9600595,40.8081627],[-73.9596325,40.8087475]]}",2,116832.24619582297,3182,36.72
327917960,42442577,42442578,"{""type"":""LineString"",""coordinates"":[[-73.9600943,40.8081151],[-73.9600595,40.8081627],[-73.9596325,40.8087475]]}",3,90875.08002451016,2652,34.27
46583484,42437142,3347295531,"{""type"":""LineString"",""coordinates"":[[-73.9610357,40.8068259],[-73.9609728,40.806912],[-73.9608452,40.8070867]]}",0,277831.00230335275,6422,43.26
46583484,42437142,3347295531,"{""type"":""LineString"",""coordinates"":[[-73.9610357,40.8068259],[-73.9609728,40.806912],[-73.9608452,40.8070867]]}",2,172423.78691660613,3855,44.73
327917960,42442577,42442578,"{""type"":""LineString"",""coordinates"":[[-73.9600943,40.8081151],[-73.9600595,40.8081627],[-73.9596325,40.8087475]]}",5,57510.71890232529,1779,32.33
327917960,42442577,42442578,"{""type"":""LineString"",""coordinates"":[[-73.9600943,40.8081151],[-73.9600595,40.8081627],[-73.9596325,40.8087475]]}",17,87533.9587371773,2811,31.14
46583484,42437142,3347295531,"{""type"":""LineString"",""coordinates"":[[-73.9610357,40.8068259],[-73.9609728,40.806912],[-73.9608452,40.8070867]]}",14,70513.36284818083,1868,37.75
327917960,42442577,42442578,"{""type"":""LineString"",""coordinates"":[[-73.9600943,40.8081151],[-73.9600595,40.8081627],[-73.9596325,40.8087475]]}",18,119780.48983554896,3583,33.43
46583484,42437142,3347295531,"{""type"":""LineString"",""coordinates"":[[-73.9610357,40.8068259],[-73.9609728,40.806912],[-73.9608452,40.8070867]]}",15,80949.42767726949,2137,37.88
327917960,42442577,42442578,"{""type"":""LineString"",""coordinates"":[[-73.9600943,40.8081151],[-73.9600595,40.8081627],[-73.9596325,40.8087475]]}",19,131758.60816396508,3781,34.85
46583484,42437142,3347295531,"{""type"":""LineString"",""coordinates"":[[-73.9610357,40.8068259],[-73.9609728,40.806912],[-73.9608452,40.8070867]]}",16,101587.69878403522,2754,36.89
327917960,42442577,42442578,"{""type"":""LineString"",""coordinates"":[[-73.9600943,40.8081151],[-73.9600595,40.8081627],[-73.9596325,40.8087475]]}",20,93194.4881231875,3289,28.34
46583484,42437142,3347295531,"{""type"":""LineString"",""coordinates"":[[-73.9610357,40.8068259],[-73.9609728,40.806912],[-73.9608452,40.8070867]]}",17,135438.04964385598,3601,37.61
327917960,42442577,42442578,"{""type"":""LineString"",""coordinates"":[[-73.9600943,40.8081151],[-73.9600595,40.8081627],[-73.9596325,40.8087475]]}",21,129710.45918417271,4263,30.43
46583484,42437142,3347295531,"{""type"":""LineString"",""coordinates"":[[-73.9610357,40.8068259],[-73.9609728,40.806912],[-73.9608452,40.8070867]]}",18,172750.17207891677,4477,38.59
5671447,627905367,42428833,"{""type"":""LineString"",""coordinates"":[[-73.9643043,40.8073074],[-73.9644105,40.8073522],[-73.9644822,40.8073825]]}",1,812.0504123862356,41,19.81
196116984,1506591536,470209120,"{""type"":""LineString"",""coordinates"":[[-73.9621944,40.8105701],[-73.9625796,40.8100359],[-73.9630937,40.809323],[-73.9639998,40.8080666]]}",3,10472.853758981166,309,33.89
196116984,1506591536,470209120,"{""type"":""LineString"",""coordinates"":[[-73.9621944,40.8105701],[-73.9625796,40.8100359],[-73.9630937,40.809323],[-73.9639998,40.8080666]]}",8,61949.78472959903,1870,33.13
5671447,627905367,42428833,"{""type"":""LineString"",""coordinates"":[[-73.9643043,40.8073074],[-73.9644105,40.8073522],[-73.9644822,40.8073825]]}",6,53.84643127356781,4,13.46
5671447,627905367,42428833,"{""type"":""LineString"",""coordinates"":[[-73.9643043,40.8073074],[-73.9644105,40.8073522],[-73.9644822,40.8073825]]}",7,294.7913806307425,19,15.52
196116984,1506591536,470209120,"{""type"":""LineString"",""coordinates"":[[-73.9621944,40.8105701],[-73.9625796,40.8100359],[-73.9630937,40.809323],[-73.9639998,40.8080666]]}",9,51619.596475839324,1557,33.15
5671447,627905367,42428833,"{""type"":""LineString"",""coordinates"":[[-73.9643043,40.8073074],[-73.9644105,40.8073522],[-73.9644822,40.8073825]]}",9,228.27494997933175,25,9.13
196116984,1506591536,470209120,"{""type"":""LineString"",""coordinates"":[[-73.9621944,40.8105701],[-73.9625796,40.8100359],[-73.9630937,40.809323],[-73.9639998,40.8080666]]}",11,35934.893280210235,1103,32.58
196116984,1506591536,470209120,"{""type"":""LineString"",""coordinates"":[[-73.9621944,40.8105701],[-73.9625796,40.8100359],[-73.9630937,40.809323],[-73.9639998,40.8080666]]}",15,40277.58749154503,1127,35.74
5671447,627905367,42428833,"{""type"":""LineString"",""coordinates"":[[-73.9643043,40.8073074],[-73.9644105,40.8073522],[-73.9644822,40.8073825]]}",13,242.77998632472662,25,9.71
196116984,1506591536,470209120,"{""type"":""LineString"",""coordinates"":[[-73.9621944,40.8105701],[-73.9625796,40.8100359],[-73.9630937,40.809323],[-73.9639998,40.8080666]]}",18,64622.40796019806,1845,35.03
5671447,627905367,42428833,"{""type"":""LineString"",""coordinates"":[[-73.9643043,40.8073074],[-73.9644105,40.8073522],[-73.9644822,40.8073825]]}",16,1108.2531864089221,92,12.05
402097157,470209120,42428833,"{""type"":""LineString"",""coordinates"":[[-73.9639998,40.8080666],[-73.9644822,40.8073825]]}",7,59261.31711528162,1739,34.08
46583484,1506445711,42442575,"{""type"":""LineString"",""coordinates"":[[-73.9619961,40.8055105],[-73.9615414,40.8061332]]}",1,96174.93731773943,2361,40.73
46583484,42442575,42437142,"{""type"":""LineString"",""coordinates"":[[-73.9615414,40.8061332],[-73.961103,40.8067337],[-73.9610357,40.8068259]]}",9,76951.49789991046,2314,33.25
327917960,3347295528,42442577,"{""type"":""LineString"",""coordinates"":[[-73.9605114,40.8075439],[-73.9604349,40.8076486],[-73.9600943,40.8081151]]}",9,65340.359086708595,1845,35.41
5672656,42428814,561035335,"{""type"":""LineString"",""coordinates"":[[-73.9649464,40.8067455],[-73.9648794,40.8067174],[-73.964761,40.8066676]]}",6,2657.1751910784333,157,16.92
195743139,561035335,627905367,"{""type"":""LineString"",""coordinates"":[[-73.964761,40.8066676],[-73.9643043,40.8073074]]}",12,29993.320171287294,846,35.45
402097156,1506445762,1504153604,"{""type"":""LineString"",""coordinates"":[[-73.9638152,40.8079924],[-73.9637536,40.8080783],[-73.9632294,40.8088095],[-73.9620178,40.8104995]]}",7,10328.776846918612,475,21.74
5671447,627905367,42428833,"{""type"":""LineString"",""coordinates"":[[-73.9643043,40.8073074],[-73.9644105,40.8073522],[-73.9644822,40.8073825]]}",17,778.7619526270474,82,9.5
196116984,1506591536,470209120,"{""type"":""LineString"",""coordinates"":[[-73.9621944,40.8105701],[-73.9625796,40.8100359],[-73.9630937,40.809323],[-73.9639998,40.8080666]]}",19,50000.362945951194,1414,35.36
46583484,1506445711,42442575,"{""type"":""LineString"",""coordinates"":[[-73.9619961,40.8055105],[-73.9615414,40.8061332]]}",21,84360.51604283266,2308,36.55
196117064,1504153626,1504153604,"{""type"":""LineString"",""coordinates"":[[-73.9592062,40.8093313],[-73.9594918,40.8094549],[-73.9603274,40.8098142],[-73.9615733,40.810319],[-73.9620178,40.8104995]]}",18,17262.038441608765,772,22.36
196116984,1506591536,470209120,"{""type"":""LineString"",""coordinates"":[[-73.9621944,40.8105701],[-73.9625796,40.8100359],[-73.9630937,40.809323],[-73.9639998,40.8080666]]}",2,14247.942069960945,398,35.8
5671447,627905367,42428833,"{""type"":""LineString"",""coordinates"":[[-73.9643043,40.8073074],[-73.9644105,40.8073522],[-73.9644822,40.8073825]]}",0,398.21635695166805,25,15.93
327917960,3347295528,42442577,"{""type"":""LineString"",""coordinates"":[[-73.9605114,40.8075439],[-73.9604349,40.8076486],[-73.9600943,40.8081151]]}",12,52335.90510555021,1454,35.99
402097156,1506445762,1504153604,"{""type"":""LineString"",""coordinates"":[[-73.9638152,40.8079924],[-73.9637536,40.8080783],[-73.9632294,40.8088095],[-73.9620178,40.8104995]]}",16,20874.193313794178,1018,20.51
327917961,3347295531,3347295528,"{""type"":""LineString"",""coordinates"":[[-73.9608452,40.8070867],[-73.9605114,40.8075439]]}",6,65003.03052238407,1397,46.53
455675302,1504153604,1506591536,"{""type"":""LineString"",""coordinates"":[[-73.9620178,40.8104995],[-73.9620715,40.810521],[-73.9621944,40.8105701]]}",0,24810.43840669242,932,26.62
46583484,1506445711,42442575,"{""type"":""LineString"",""coordinates"":[[-73.9619961,40.8055105],[-73.9615414,40.8061332]]}",22,98223.10555830994,2651,37.05
196117064,1504153626,1504153604,"{""type"":""LineString"",""coordinates"":[[-73.9592062,40.8093313],[-73.9594918,40.8094549],[-73.9603274,40.8098142],[-73.9615733,40.810319],[-73.9620178,40.8104995]]}",19,16916.8527611922,654,25.87
5672656,42428814,561035335,"{""type"":""LineString"",""coordinates"":[[-73.9649464,40.8067455],[-73.9648794,40.8067174],[-73.964761,40.8066676]]}",9,6803.365287158451,432,15.75
195743139,561035335,627905367,"{""type"":""LineString"",""coordinates"":[[-73.964761,40.8066676],[-73.9643043,40.8073074]]}",15,36221.332183533115,1022,35.44
402097157,470209120,42428833,"{""type"":""LineString"",""coordinates"":[[-73.9639998,40.8080666],[-73.9644822,40.8073825]]}",17,82742.36532824402,2710,30.53
49688932,1506445762,470209120,"{""type"":""LineString"",""coordinates"":[[-73.9638152,40.8079924],[-73.9639109,40.8080309],[-73.9639998,40.8080666]]}",23,28.760311911200198,3,9.59
195743139,561035335,627905367,"{""type"":""LineString"",""coordinates"":[[-73.964761,40.8066676],[-73.9643043,40.8073074]]}",4,22720.48499209921,536,42.39
524569306,627905367,1506445762,"{""type"":""LineString"",""coordinates"":[[-73.9643043,40.8073074],[-73.9638845,40.8078954],[-73.9638152,40.8079924]]}",14,11280.301732101992,277,40.72
455675302,1504153604,1506591536,"{""type"":""LineString"",""coordinates"":[[-73.9620178,40.8104995],[-73.9620715,40.810521],[-73.9621944,40.8105701]]}",15,23611.371611039365,1030,22.92
327917960,42442578,1504153626,"{""type"":""LineString"",""coordinates"":[[-73.9596325,40.8087475],[-73.9592062,40.8093313]]}",19,103572.83962021553,3820,27.11
5672656,42428814,561035335,"{""type"":""LineString"",""coordinates"":[[-73.9649464,40.8067455],[-73.9648794,40.8067174],[-73.964761,40.8066676]]}",23,2571.778842933781,168,15.31
327917960,3347295528,42442577,"{""type"":""LineString"",""coordinates"":[[-73.9605114,40.8075439],[-73.9604349,40.8076486],[-73.9600943,40.8081151]]}",6,60942.70574896187,1388,43.91
327917960,42442578,1504153626,"{""type"":""LineString"",""coordinates"":[[-73.9596325,40.8087475],[-73.9592062,40.8093313]]}",9,34700.92870793015,1712,20.27
327917960,42442578,1504153626,"{""type"":""LineString"",""coordinates"":[[-73.9596325,40.8087475],[-73.9592062,40.8093313]]}",5,65069.3631561669,1810,35.95
402097156,1506445762,1504153604,"{""type"":""LineString"",""coordinates"":[[-73.9638152,40.8079924],[-73.9637536,40.8080783],[-73.9632294,40.8088095],[-73.9620178,40.8104995]]}",11,12688.851127401971,576,22.03
327917961,3347295531,3347295528,"{""type"":""LineString"",""coordinates"":[[-73.9608452,40.8070867],[-73.9605114,40.8075439]]}",1,243495.26130500215,5191,46.91
327917961,3347295531,3347295528,"{""type"":""LineString"",""coordinates"":[[-73.9608452,40.8070867],[-73.9605114,40.8075439]]}",19,162579.98860485395,4104,39.62
402097157,470209120,42428833,"{""type"":""LineString"",""coordinates"":[[-73.9639998,40.8080666],[-73.9644822,40.8073825]]}",19,67399.71274414046,2131,31.63
327917961,3347295531,3347295528,"{""type"":""LineString"",""coordinates"":[[-73.9608452,40.8070867],[-73.9605114,40.8075439]]}",20,155909.6997307778,3690,42.25
5671447,627905367,42428833,"{""type"":""LineString"",""coordinates"":[[-73.9643043,40.8073074],[-73.9644105,40.8073522],[-73.9644822,40.8073825]]}",11,444.1393354223548,23,19.31
196116984,1506591536,470209120,"{""type"":""LineString"",""coordinates"":[[-73.9621944,40.8105701],[-73.9625796,40.8100359],[-73.9630937,40.809323],[-73.9639998,40.8080666]]}",13,33745.89863002147,1007,33.51
196116984,1506591536,470209120,"{""type"":""LineString"",""coordinates"":[[-73.9621944,40.8105701],[-73.9625796,40.8100359],[-73.9630937,40.809323],[-73.9639998,40.8080666]]}",14,34627.33207161824,1011,34.25
5671447,627905367,42428833,"{""type"":""LineString"",""coordinates"":[[-73.9643043,40.8073074],[-73.9644105,40.8073522],[-73.9644822,40.8073825]]}",12,299.64635600914374,29,10.33
195743139,561035335,627905367,"{""type"":""LineString"",""coordinates"":[[-73.964761,40.8066676],[-73.9643043,40.8073074]]}",2,35169.150129763955,884,39.78
5672656,42428814,561035335,"{""type"":""LineString"",""coordinates"":[[-73.9649464,40.8067455],[-73.9648794,40.8067174],[-73.964761,40.8066676]]}",22,2851.9475954319387,184,15.5
46583484,42442575,42437142,"{""type"":""LineString"",""coordinates"":[[-73.9615414,40.8061332],[-73.961103,40.8067337],[-73.9610357,40.8068259]]}",7,76418.89054885457,1873,40.8
196117064,1504153626,1504153604,"{""type"":""LineString"",""coordinates"":[[-73.9592062,40.8093313],[-73.9594918,40.8094549],[-73.9603274,40.8098142],[-73.9615733,40.810319],[-73.9620178,40.8104995]]}",1,7713.848559666709,323,23.88
46583484,1506445711,42442575,"{""type"":""LineString"",""coordinates"":[[-73.9619961,40.8055105],[-73.9615414,40.8061332]]}",4,47298.43732860907,1109,42.65
46583484,42442575,42437142,"{""type"":""LineString"",""coordinates"":[[-73.9615414,40.8061332],[-73.961103,40.8067337],[-73.9610357,40.8068259]]}",12,53198.65554306475,1617,32.9
46583484,1506445711,42442575,"{""type"":""LineString"",""coordinates"":[[-73.9619961,40.8055105],[-73.9615414,40.8061332]]}",19,75459.83867254911,2077,36.33
196117064,1504153626,1504153604,"{""type"":""LineString"",""coordinates"":[[-73.9592062,40.8093313],[-73.9594918,40.8094549],[-73.9603274,40.8098142],[-73.9615733,40.810319],[-73.9620178,40.8104995]]}",16,14534.464174455152,649,22.4
46583484,1506445711,42442575,"{""type"":""LineString"",""coordinates"":[[-73.9619961,40.8055105],[-73.9615414,40.8061332]]}",20,63432.0418061518,1844,34.4
196117064,1504153626,1504153604,"{""type"":""LineString"",""coordinates"":[[-73.9592062,40.8093313],[-73.9594918,40.8094549],[-73.9603274,40.8098142],[-73.9615733,40.810319],[-73.9620178,40.8104995]]}",17,14008.964661356304,704,19.9
327917960,3347295528,42442577,"{""type"":""LineString"",""coordinates"":[[-73.9605114,40.8075439],[-73.9604349,40.8076486],[-73.9600943,40.8081151]]}",17,111990.51131715887,3010,37.21
327917960,3347295528,42442577,"{""type"":""LineString"",""coordinates"":[[-73.9605114,40.8075439],[-73.9604349,40.8076486],[-73.9600943,40.8081151]]}",18,144909.12030956234,3752,38.62
327917960,3347295528,42442577,"{""type"":""LineString"",""coordinates"":[[-73.9605114,40.8075439],[-73.9604349,40.8076486],[-73.9600943,40.8081151]]}",19,154947.72928995578,3910,39.63
327917960,3347295528,42442577,"{""type"":""LineString"",""coordinates"":[[-73.9605114,40.8075439],[-73.9604349,40.8076486],[-73.9600943,40.8081151]]}",20,145171.78374144027,3481,41.7
327917960,42442578,1504153626,"{""type"":""LineString"",""coordinates"":[[-73.9596325,40.8087475],[-73.9592062,40.8093313]]}",6,47649.76216942849,1405,33.91
327917960,42442578,1504153626,"{""type"":""LineString"",""coordinates"":[[-73.9596325,40.8087475],[-73.9592062,40.8093313]]}",15,41934.31446455978,1862,22.52
402097157,470209120,42428833,"{""type"":""LineString"",""coordinates"":[[-73.9639998,40.8080666],[-73.9644822,40.8073825]]}",3,10556.737435774581,382,27.64
402097157,470209120,42428833,"{""type"":""LineString"",""coordinates"":[[-73.9639998,40.8080666],[-73.9644822,40.8073825]]}",20,52407.89816763055,1683,31.14
402097156,1506445762,1504153604,"{""type"":""LineString"",""coordinates"":[[-73.9638152,40.8079924],[-73.9637536,40.8080783],[-73.9632294,40.8088095],[-73.9620178,40.8104995]]}",6,10306.984532827391,359,28.71
327917961,3347295531,3347295528,"{""type"":""LineString"",""coordinates"":[[-73.9608452,40.8070867],[-73.9605114,40.8075439]]}",12,57533.53562471232,1638,35.12
402097156,1506445762,1504153604,"{""type"":""LineString"",""coordinates"":[[-73.9638152,40.8079924],[-73.9637536,40.8080783],[-73.9632294,40.8088095],[-73.9620178,40.8104995]]}",22,38030.44190625138,1453,26.17
327917961,3347295531,3347295528,"{""type"":""LineString"",""coordinates"":[[-73.9608452,40.8070867],[-73.9605114,40.8075439]]}",15,78230.13779775868,2029,38.56
327917961,3347295531,3347295528,"{""type"":""LineString"",""coordinates"":[[-73.9608452,40.8070867],[-73.9605114,40.8075439]]}",16,96473.86358620122,2578,37.42
5672656,561035335,1506445711,"{""type"":""LineString"",""coordinates"":[[-73.964761,40.8066676],[-73.9638636,40.8062917],[-73.9628951,40.8058869],[-73.9619961,40.8055105]]}",2,532.0418108817287,23,23.13
49688932,1506445762,470209120,"{""type"":""LineString"",""coordinates"":[[-73.9638152,40.8079924],[-73.9639109,40.8080309],[-73.9639998,40.8080666]]}",15,190.07748551709574,3,63.36
5672656,561035335,1506445711,"{""type"":""LineString"",""coordinates"":[[-73.964761,40.8066676],[-73.9638636,40.8062917],[-73.9628951,40.8058869],[-73.9619961,40.8055105]]}",20,997.2537290921553,53,18.82
49688932,1506445762,470209120,"{""type"":""LineString"",""coordinates"":[[-73.9638152,40.8079924],[-73.9639109,40.8080309],[-73.9639998,40.8080666]]}",22,131.4816391714923,4,32.87
46583484,42437142,3347295531,"{""type"":""LineString"",""coordinates"":[[-73.9610357,40.8068259],[-73.9609728,40.806912],[-73.9608452,40.8070867]]}",8,99324.762708979,2557,38.84
327917960,42442577,42442578,"{""type"":""LineString"",""coordinates"":[[-73.9600943,40.8081151],[-73.9600595,40.8081627],[-73.9596325,40.8087475]]}",11,39955.51364299824,1285,31.09
327917960,42442577,42442578,"{""type"":""LineString"",""coordinates"":[[-73.9600943,40.8081151],[-73.9600595,40.8081627],[-73.9596325,40.8087475]]}",12,44572.989236616806,1408,31.66
46583484,42437142,3347295531,"{""type"":""LineString"",""coordinates"":[[-73.9610357,40.8068259],[-73.9609728,40.806912],[-73.9608452,40.8070867]]}",9,88122.88857476393,2407,36.61
327917960,42442577,42442578,"{""type"":""LineString"",""coordinates"":[[-73.9600943,40.8081151],[-73.9600595,40.8081627],[-73.9596325,40.8087475]]}",14,46456.9995515355,1488,31.22
46583484,42437142,3347295531,"{""type"":""LineString"",""coordinates"":[[-73.9610357,40.8068259],[-73.9609728,40.806912],[-73.9608452,40.8070867]]}",11,60238.94289779429,1667,36.14
46583484,42437142,3347295531,"{""type"":""LineString"",""coordinates"":[[-73.9610357,40.8068259],[-73.9609728,40.806912],[-73.9608452,40.8070867]]}",12,62922.31292872786,1746,36.04
327917960,42442577,42442578,"{""type"":""LineString"",""coordinates"":[[-73.9600943,40.8081151],[-73.9600595,40.8081627],[-73.9596325,40.8087475]]}",15,54740.86943290446,1754,31.21
196116984,1506591536,470209120,"{""type"":""LineString"",""coordinates"":[[-73.9621944,40.8105701],[-73.9625796,40.8100359],[-73.9630937,40.809323],[-73.9639998,40.8080666]]}",10,46855.45558763582,1372,34.15
5671447,627905367,42428833,"{""type"":""LineString"",""coordinates"":[[-73.9643043,40.8073074],[-73.9644105,40.8073522],[-73.9644822,40.8073825]]}",8,305.1788700069521,23,13.27
195743139,561035335,627905367,"{""type"":""LineString"",""coordinates"":[[-73.964761,40.8066676],[-73.9643043,40.8073074]]}",7,15880.455790716042,462,34.37
5672656,42428814,561035335,"{""type"":""LineString"",""coordinates"":[[-73.9649464,40.8067455],[-73.9648794,40.8067174],[-73.964761,40.8066676]]}",1,1381.9791271327947,80,17.27
46583484,42437142,3347295531,"{""type"":""LineString"",""coordinates"":[[-73.9610357,40.8068259],[-73.9609728,40.806912],[-73.9608452,40.8070867]]}",1,251190.15636784106,5674,44.27
327917960,42442577,42442578,"{""type"":""LineString"",""coordinates"":[[-73.9600943,40.8081151],[-73.9600595,40.8081627],[-73.9596325,40.8087475]]}",4,79078.34423029433,2395,33.02
196117064,1504153626,1504153604,"{""type"":""LineString"",""coordinates"":[[-73.9592062,40.8093313],[-73.9594918,40.8094549],[-73.9603274,40.8098142],[-73.9615733,40.810319],[-73.9620178,40.8104995]]}",4,3000.4317844834427,120,25.0
46583484,42442575,42437142,"{""type"":""LineString"",""coordinates"":[[-73.9615414,40.8061332],[-73.961103,40.8067337],[-73.9610357,40.8068259]]}",15,70127.4191987609,2035,34.46
46583484,1506445711,42442575,"{""type"":""LineString"",""coordinates"":[[-73.9619961,40.8055105],[-73.9615414,40.8061332]]}",7,29848.534503564217,726,41.11
327917960,3347295528,42442577,"{""type"":""LineString"",""coordinates"":[[-73.9605114,40.8075439],[-73.9604349,40.8076486],[-73.9600943,40.8081151]]}",21,201009.904890318,4527,44.4
524569322,42428833,42428814,"{""type"":""LineString"",""coordinates"":[[-73.9644822,40.8073825],[-73.9649464,40.8067455]]}",0,7522.259309340481,295,25.5
327917960,3347295528,42442577,"{""type"":""LineString"",""coordinates"":[[-73.9605114,40.8075439],[-73.9604349,40.8076486],[-73.9600943,40.8081151]]}",22,237863.64859559367,5241,45.39
524569322,42428833,42428814,"{""type"":""LineString"",""coordinates"":[[-73.9644822,40.8073825],[-73.9649464,40.8067455]]}",1,8075.89894869179,218,37.05
327917960,3347295528,42442577,"{""type"":""LineString"",""coordinates"":[[-73.9605114,40.8075439],[-73.9604349,40.8076486],[-73.9600943,40.8081151]]}",23,254145.82224314287,5499,46.22
524569322,42428833,42428814,"{""type"":""LineString"",""coordinates"":[[-73.9644822,40.8073825],[-73.9649464,40.8067455]]}",2,4597.964141949411,120,38.32
524569322,42428833,42428814,"{""type"":""LineString"",""coordinates"":[[-73.9644822,40.8073825],[-73.9649464,40.8067455]]}",3,3126.6238068613084,88,35.53
524569322,42428833,42428814,"{""type"":""LineString"",""coordinates"":[[-73.9644822,40.8073825],[-73.9649464,40.8067455]]}",4,3975.497730900263,107,37.15
524569322,42428833,42428814,"{""type"":""LineString"",""coordinates"":[[-73.9644822,40.8073825],[-73.9649464,40.8067455]]}",5,5474.154821157089,142,38.55
524569322,42428833,42428814,"{""type"":""LineString"",""coordinates"":[[-73.9644822,40.8073825],[-73.9649464,40.8067455]]}",6,13165.29269739981,345,38.16
524569322,42428833,42428814,"{""type"":""LineString"",""coordinates"":[[-73.9644822,40.8073825],[-73.9649464,40.8067455]]}",7,18132.48383026891,512,35.42
327917960,42442578,1504153626,"{""type"":""LineString"",""coordinates"":[[-73.9596325,40.8087475],[-73.9592062,40.8093313]]}",1,122675.42137099696,4691,26.15
524569322,42428833,42428814,"{""type"":""LineString"",""coordinates"":[[-73.9644822,40.8073825],[-73.9649464,40.8067455]]}",21,12272.198954203692,530,23.16
327917960,42442578,1504153626,"{""type"":""LineString"",""coordinates"":[[-73.9596325,40.8087475],[-73.9592062,40.8093313]]}",4,87711.55665083803,2411,36.38
402097157,470209120,42428833,"{""type"":""LineString"",""coordinates"":[[-73.9639998,40.8080666],[-73.9644822,40.8073825]]}",4,11375.801477123281,383,29.7
402097157,470209120,42428833,"{""type"":""LineString"",""coordinates"":[[-73.9639998,40.8080666],[-73.9644822,40.8073825]]}",6,39228.52638260724,1056,37.15
402097157,470209120,42428833,"{""type"":""LineString"",""coordinates"":[[-73.9639998,40.8080666],[-73.9644822,40.8073825]]}",12,40776.73241547361,1432,28.48
327917961,3347295531,3347295528,"{""type"":""LineString"",""coordinates"":[[-73.9608452,40.8070867],[-73.9605114,40.8075439]]}",5,88490.88373109045,1858,47.63
402097156,1506445762,1504153604,"{""type"":""LineString"",""coordinates"":[[-73.9638152,40.8079924],[-73.9637536,40.8080783],[-73.9632294,40.8088095],[-73.9620178,40.8104995]]}",15,17369.18035302755,812,21.39
5672656,561035335,1506445711,"{""type"":""LineString"",""coordinates"":[[-73.964761,40.8066676],[-73.9638636,40.8062917],[-73.9628951,40.8058869],[-73.9619961,40.8055105]]}",18,1346.6764460126294,66,20.4
49688932,1506445762,470209120,"{""type"":""LineString"",""coordinates"":[[-73.9638152,40.8079924],[-73.9639109,40.8080309],[-73.9639998,40.8080666]]}",13,225.73202555107187,5,45.15
49688932,1506445762,470209120,"{""type"":""LineString"",""coordinates"":[[-73.9638152,40.8079924],[-73.9639109,40.8080309],[-73.9639998,40.8080666]]}",17,145.83903210528524,4,36.46
5672656,561035335,1506445711,"{""type"":""LineString"",""coordinates"":[[-73.964761,40.8066676],[-73.9638636,40.8062917],[-73.9628951,40.8058869],[-73.9619961,40.8055105]]}",22,857.0300186826604,44,19.48
49688932,1506445762,470209120,"{""type"":""LineString"",""coordinates"":[[-73.9638152,40.8079924],[-73.9639109,40.8080309],[-73.9639998,40.8080666]]}",21,143.2943308638631,4,35.82
327917960,42442577,42442578,"{""type"":""LineString"",""coordinates"":[[-73.9600943,40.8081151],[-73.9600595,40.8081627],[-73.9596325,40.8087475]]}",8,62823.869619812016,1927,32.6
46583484,42437142,3347295531,"{""type"":""LineString"",""coordinates"":[[-73.9610357,40.8068259],[-73.9609728,40.806912],[-73.9608452,40.8070867]]}",5,94461.81921056886,2028,46.58
327917960,42442577,42442578,"{""type"":""LineString"",""coordinates"":[[-73.9600943,40.8081151],[-73.9600595,40.8081627],[-73.9596325,40.8087475]]}",9,49462.22283063113,1674,29.55
46583484,42437142,3347295531,"{""type"":""LineString"",""coordinates"":[[-73.9610357,40.8068259],[-73.9609728,40.806912],[-73.9608452,40.8070867]]}",6,68588.07673396937,1501,45.69
327917960,42442577,42442578,"{""type"":""LineString"",""coordinates"":[[-73.9600943,40.8081151],[-73.9600595,40.8081627],[-73.9596325,40.8087475]]}",10,40519.410462402564,1328,30.51
46583484,42437142,3347295531,"{""type"":""LineString"",""coordinates"":[[-73.9610357,40.8068259],[-73.9609728,40.806912],[-73.9608452,40.8070867]]}",7,86427.34368327289,2023,42.72
46583484,42437142,3347295531,"{""type"":""LineString"",""coordinates"":[[-73.9610357,40.8068259],[-73.9609728,40.806912],[-73.9608452,40.8070867]]}",13,64255.52850406179,1731,37.12
327917960,42442577,42442578,"{""type"":""LineString"",""coordinates"":[[-73.9600943,40.8081151],[-73.9600595,40.8081627],[-73.9596325,40.8087475]]}",16,65944.61097525165,2200,29.97
46583484,42437142,3347295531,"{""type"":""LineString"",""coordinates"":[[-73.9610357,40.8068259],[-73.9609728,40.806912],[-73.9608452,40.8070867]]}",20,160745.01944703978,4064,39.55
327917960,42442577,42442578,"{""type"":""LineString"",""coordinates"":[[-73.9600943,40.8081151],[-73.9600595,40.8081627],[-73.9596325,40.8087475]]}",23,173058.43777544514,5224,33.13
196116984,1506591536,470209120,"{""type"":""LineString"",""coordinates"":[[-73.9621944,40.8105701],[-73.9625796,40.8100359],[-73.9630937,40.809323],[-73.9639998,40.8080666]]}",1,21721.228164093944,641,33.89
196116984,1506591536,470209120,"{""type"":""LineString"",""coordinates"":[[-73.9621944,40.8105701],[-73.9625796,40.8100359],[-73.9630937,40.809323],[-73.9639998,40.8080666]]}",5,15124.998495510376,401,37.72
5671447,627905367,42428833,"{""type"":""LineString"",""coordinates"":[[-73.9643043,40.8073074],[-73.9644105,40.8073522],[-73.9644822,40.8073825]]}",3,298.9887619634873,20,14.95
327917960,3347295528,42442577,"{""type"":""LineString"",""coordinates"":[[-73.9605114,40.8075439],[-73.9604349,40.8076486],[-73.9600943,40.8081151]]}",16,85284.09001729965,2316,36.82
402097156,1506445762,1504153604,"{""type"":""LineString"",""coordinates"":[[-73.9638152,40.8079924],[-73.9637536,40.8080783],[-73.9632294,40.8088095],[-73.9620178,40.8104995]]}",20,26489.56773316205,1093,24.24
327917961,3347295531,3347295528,"{""type"":""LineString"",""coordinates"":[[-73.9608452,40.8070867],[-73.9605114,40.8075439]]}",10,58246.35314485735,1747,33.34
5672656,42428814,561035335,"{""type"":""LineString"",""coordinates"":[[-73.9649464,40.8067455],[-73.9648794,40.8067174],[-73.964761,40.8066676]]}",11,4174.355576760097,277,15.07
195743139,561035335,627905367,"{""type"":""LineString"",""coordinates"":[[-73.964761,40.8066676],[-73.9643043,40.8073074]]}",17,67905.71165209732,1899,35.76
524569322,42428833,42428814,"{""type"":""LineString"",""coordinates"":[[-73.9644822,40.8073825],[-73.9649464,40.8067455]]}",17,21344.671136695368,967,22.07
196117064,1504153626,1504153604,"{""type"":""LineString"",""coordinates"":[[-73.9592062,40.8093313],[-73.9594918,40.8094549],[-73.9603274,40.8098142],[-73.9615733,40.810319],[-73.9620178,40.8104995]]}",14,12513.780754808462,515,24.3
46583484,1506445711,42442575,"{""type"":""LineString"",""coordinates"":[[-73.9619961,40.8055105],[-73.9615414,40.8061332]]}",17,60077.603719252256,1718,34.97
455675302,1504153604,1506591536,"{""type"":""LineString"",""coordinates"":[[-73.9620178,40.8104995],[-73.9620715,40.810521],[-73.9621944,40.8105701]]}",9,15912.920241849055,730,21.8
524569306,627905367,1506445762,"{""type"":""LineString"",""coordinates"":[[-73.9643043,40.8073074],[-73.9638845,40.8078954],[-73.9638152,40.8079924]]}",8,9941.260092103792,260,38.24
524569306,627905367,1506445762,"{""type"":""LineString"",""coordinates"":[[-73.9643043,40.8073074],[-73.9638845,40.8078954],[-73.9638152,40.8079924]]}",15,15151.675098214431,362,41.86
455675302,1504153604,1506591536,"{""type"":""LineString"",""coordinates"":[[-73.9620178,40.8104995],[-73.9620715,40.810521],[-73.9621944,40.8105701]]}",16,28539.408974653034,1248,22.87
402097156,1506445762,1504153604,"{""type"":""LineString"",""coordinates"":[[-73.9638152,40.8079924],[-73.9637536,40.8080783],[-73.9632294,40.8088095],[-73.9620178,40.8104995]]}",9,10537.25554710719,510,20.66
524569306,627905367,1506445762,"{""type"":""LineString"",""coordinates"":[[-73.9643043,40.8073074],[-73.9638845,40.8078954],[-73.9638152,40.8079924]]}",23,20288.798365239374,449,45.19
5671447,627905367,42428833,"{""type"":""LineString"",""coordinates"":[[-73.9643043,40.8073074],[-73.9644105,40.8073522],[-73.9644822,40.8073825]]}",14,230.2842256085636,26,8.86
196116984,1506591536,470209120,"{""type"":""LineString"",""coordinates"":[[-73.9621944,40.8105701],[-73.9625796,40.8100359],[-73.9630937,40.809323],[-73.9639998,40.8080666]]}",16,46810.06324541538,1346,34.78
46583484,42437142,3347295531,"{""type"":""LineString"",""coordinates"":[[-73.9610357,40.8068259],[-73.9609728,40.806912],[-73.9608452,40.8070867]]}",22,246668.59518486346,5981,41.24
402097157,470209120,42428833,"{""type"":""LineString"",""coordinates"":[[-73.9639998,40.8080666],[-73.9644822,40.8073825]]}",15,52369.1141394703,1688,31.02
455675302,1504153604,1506591536,"{""type"":""LineString"",""coordinates"":[[-73.9620178,40.8104995],[-73.9620715,40.810521],[-73.9621944,40.8105701]]}",21,28684.673295713692,1198,23.94
524569306,627905367,1506445762,"{""type"":""LineString"",""coordinates"":[[-73.9643043,40.8073074],[-73.9638845,40.8078954],[-73.9638152,40.8079924]]}",20,19162.848733396015,446,42.97
196117064,1504153626,1504153604,"{""type"":""LineString"",""coordinates"":[[-73.9592062,40.8093313],[-73.9594918,40.8094549],[-73.9603274,40.8098142],[-73.9615733,40.810319],[-73.9620178,40.8104995]]}",10,7146.989161092458,377,18.96
46583484,42442575,42437142,"{""type"":""LineString"",""coordinates"":[[-73.9615414,40.8061332],[-73.961103,40.8067337],[-73.9610357,40.8068259]]}",21,196746.85895248054,5018,39.21
46583484,1506445711,42442575,"{""type"":""LineString"",""coordinates"":[[-73.9619961,40.8055105],[-73.9615414,40.8061332]]}",13,20023.851877952107,678,29.53
49688932,1506445762,470209120,"{""type"":""LineString"",""coordinates"":[[-73.9638152,40.8079924],[-73.9639109,40.8080309],[-73.9639998,40.8080666]]}",4,8.541668757454678,1,8.54
5672656,561035335,1506445711,"{""type"":""LineString"",""coordinates"":[[-73.964761,40.8066676],[-73.9638636,40.8062917],[-73.9628951,40.8058869],[-73.9619961,40.8055105]]}",9,648.934845133984,38,17.08
195743139,561035335,627905367,"{""type"":""LineString"",""coordinates"":[[-73.964761,40.8066676],[-73.9643043,40.8073074]]}",6,11303.396972743414,289,39.11
5672656,42428814,561035335,"{""type"":""LineString"",""coordinates"":[[-73.9649464,40.8067455],[-73.9648794,40.8067174],[-73.964761,40.8066676]]}",0,1761.0927282961286,115,15.31
524569306,627905367,1506445762,"{""type"":""LineString"",""coordinates"":[[-73.9643043,40.8073074],[-73.9638845,40.8078954],[-73.9638152,40.8079924]]}",9,8703.627399890402,221,39.38
455675302,1504153604,1506591536,"{""type"":""LineString"",""coordinates"":[[-73.9620178,40.8104995],[-73.9620715,40.810521],[-73.9621944,40.8105701]]}",10,13638.901650950625,627,21.75
5672656,561035335,1506445711,"{""type"":""LineString"",""coordinates"":[[-73.964761,40.8066676],[-73.9638636,40.8062917],[-73.9628951,40.8058869],[-73.9619961,40.8055105]]}",23,684.3590476718358,36,19.01
49688932,1506445762,470209120,"{""type"":""LineString"",""coordinates"":[[-73.9638152,40.8079924],[-73.9639109,40.8080309],[-73.9639998,40.8080666]]}",18,87.10235841005772,3,29.03
46583484,1506445711,42442575,"{""type"":""LineString"",""coordinates"":[[-73.9619961,40.8055105],[-73.9615414,40.8061332]]}",15,31769.559157262735,954,33.3
196117064,1504153626,1504153604,"{""type"":""LineString"",""coordinates"":[[-73.9592062,40.8093313],[-73.9594918,40.8094549],[-73.9603274,40.8098142],[-73.9615733,40.810319],[-73.9620178,40.8104995]]}",12,11285.961869876191,457,24.7
46583484,42442575,42437142,"{""type"":""LineString"",""coordinates"":[[-73.9615414,40.8061332],[-73.961103,40.8067337],[-73.9610357,40.8068259]]}",23,246928.62810118328,6101,40.47
195743139,561035335,627905367,"{""type"":""LineString"",""coordinates"":[[-73.964761,40.8066676],[-73.9643043,40.8073074]]}",16,50231.65906112041,1445,34.76
5672656,42428814,561035335,"{""type"":""LineString"",""coordinates"":[[-73.9649464,40.8067455],[-73.9648794,40.8067174],[-73.964761,40.8066676]]}",10,5605.850245045291,359,15.62
5672656,561035335,1506445711,"{""type"":""LineString"",""coordinates"":[[-73.964761,40.8066676],[-73.9638636,40.8062917],[-73.9628951,40.8058869],[-73.9619961,40.8055105]]}",8,692.6548522484567,39,17.76
49688932,1506445762,470209120,"{""type"":""LineString"",""coordinates"":[[-73.9638152,40.8079924],[-73.9639109,40.8080309],[-73.9639998,40.8080666]]}",3,90.67942426760789,4,22.67
49688932,1506445762,470209120,"{""type"":""LineString"",""coordinates"":[[-73.9638152,40.8079924],[-73.9639109,40.8080309],[-73.9639998,40.8080666]]}",5,6.263890421932185,1,6.26
5672656,561035335,1506445711,"{""type"":""LineString"",""coordinates"":[[-73.964761,40.8066676],[-73.9638636,40.8062917],[-73.9628951,40.8058869],[-73.9619961,40.8055105]]}",10,515.1206637645446,33,15.61
5672656,561035335,1506445711,"{""type"":""LineString"",""coordinates"":[[-73.964761,40.8066676],[-73.9638636,40.8062917],[-73.9628951,40.8058869],[-73.9619961,40.8055105]]}",11,524.6353920419522,34,15.43
327917960,42442578,1504153626,"{""type"":""LineString"",""coordinates"":[[-73.9596325,40.8087475],[-73.9592062,40.8093313]]}",13,35628.111445493254,1512,23.56
46583484,1506445711,42442575,"{""type"":""LineString"",""coordinates"":[[-73.9619961,40.8055105],[-73.9615414,40.8061332]]}",16,42268.83967842622,1306,32.37
196117064,1504153626,1504153604,"{""type"":""LineString"",""coordinates"":[[-73.9592062,40.8093313],[-73.9594918,40.8094549],[-73.9603274,40.8098142],[-73.9615733,40.810319],[-73.9620178,40.8104995]]}",13,12037.617038597296,489,24.62
327917961,3347295531,3347295528,"{""type"":""LineString"",""coordinates"":[[-73.9608452,40.8070867],[-73.9605114,40.8075439]]}",13,58022.76855452761,1621,35.79
402097156,1506445762,1504153604,"{""type"":""LineString"",""coordinates"":[[-73.9638152,40.8079924],[-73.9637536,40.8080783],[-73.9632294,40.8088095],[-73.9620178,40.8104995]]}",23,38985.09672572061,1466,26.59
5672656,561035335,1506445711,"{""type"":""LineString"",""coordinates"":[[-73.964761,40.8066676],[-73.9638636,40.8062917],[-73.9628951,40.8058869],[-73.9619961,40.8055105]]}",1,689.900371702768,33,20.91
524569306,627905367,1506445762,"{""type"":""LineString"",""coordinates"":[[-73.9643043,40.8073074],[-73.9638845,40.8078954],[-73.9638152,40.8079924]]}",3,2444.243570808715,139,17.58
455675302,1504153604,1506591536,"{""type"":""LineString"",""coordinates"":[[-73.9620178,40.8104995],[-73.9620715,40.810521],[-73.9621944,40.8105701]]}",4,5175.987744963686,211,24.53
196117064,1504153626,1504153604,"{""type"":""LineString"",""coordinates"":[[-73.9592062,40.8093313],[-73.9594918,40.8094549],[-73.9603274,40.8098142],[-73.9615733,40.810319],[-73.9620178,40.8104995]]}",23,21058.853202454546,658,32.0
327917961,3347295531,3347295528,"{""type"":""LineString"",""coordinates"":[[-73.9608452,40.8070867],[-73.9605114,40.8075439]]}",2,169322.93592722222,3537,47.87
402097156,1506445762,1504153604,"{""type"":""LineString"",""coordinates"":[[-73.9638152,40.8079924],[-73.9637536,40.8080783],[-73.9632294,40.8088095],[-73.9620178,40.8104995]]}",12,15706.927425347734,677,23.2
5672656,42428814,561035335,"{""type"":""LineString"",""coordinates"":[[-73.9649464,40.8067455],[-73.9648794,40.8067174],[-73.964761,40.8066676]]}",21,2938.3795270091173,210,13.99
46583484,1506445711,42442575,"{""type"":""LineString"",""coordinates"":[[-73.9619961,40.8055105],[-73.9615414,40.8061332]]}",14,26282.926471174724,830,31.67
46583484,42442575,42437142,"{""type"":""LineString"",""coordinates"":[[-73.9615414,40.8061332],[-73.961103,40.8067337],[-73.9610357,40.8068259]]}",22,232608.47754745648,5870,39.63
196117064,1504153626,1504153604,"{""type"":""LineString"",""coordinates"":[[-73.9592062,40.8093313],[-73.9594918,40.8094549],[-73.9603274,40.8098142],[-73.9615733,40.810319],[-73.9620178,40.8104995]]}",11,9364.200815856679,381,24.58
455675302,1504153604,1506591536,"{""type"":""LineString"",""coordinates"":[[-73.9620178,40.8104995],[-73.9620715,40.810521],[-73.9621944,40.8105701]]}",1,13683.089749158438,589,23.23
46583484,1506445711,42442575,"{""type"":""LineString"",""coordinates"":[[-73.9619961,40.8055105],[-73.9615414,40.8061332]]}",23,101596.54328267506,2724,37.3
196117064,1504153626,1504153604,"{""type"":""LineString"",""coordinates"":[[-73.9592062,40.8093313],[-73.9594918,40.8094549],[-73.9603274,40.8098142],[-73.9615733,40.810319],[-73.9620178,40.8104995]]}",20,12906.346126380204,493,26.18
524569306,627905367,1506445762,"{""type"":""LineString"",""coordinates"":[[-73.9643043,40.8073074],[-73.9638845,40.8078954],[-73.9638152,40.8079924]]}",0,18558.749665389638,405,45.82
455675302,1504153604,1506591536,"{""type"":""LineString"",""coordinates"":[[-73.9620178,40.8104995],[-73.9620715,40.810521],[-73.9621944,40.8105701]]}",3,6303.936208154744,260,24.25
524569306,627905367,1506445762,"{""type"":""LineString"",""coordinates"":[[-73.9643043,40.8073074],[-73.9638845,40.8078954],[-73.9638152,40.8079924]]}",2,4420.220685000601,240,18.42
196117064,1504153626,1504153604,"{""type"":""LineString"",""coordinates"":[[-73.9592062,40.8093313],[-73.9594918,40.8094549],[-73.9603274,40.8098142],[-73.9615733,40.810319],[-73.9620178,40.8104995]]}",22,17542.52684062108,580,30.25
455675302,1504153604,1506591536,"{""type"":""LineString"",""coordinates"":[[-73.9620178,40.8104995],[-73.9620715,40.810521],[-73.9621944,40.8105701]]}",6,5607.928866129136,240,23.37
524569306,627905367,1506445762,"{""type"":""LineString"",""coordinates"":[[-73.9643043,40.8073074],[-73.9638845,40.8078954],[-73.9638152,40.8079924]]}",5,2007.434636190595,111,18.08
524569306,627905367,1506445762,"{""type"":""LineString"",""coordinates"":[[-73.9643043,40.8073074],[-73.9638845,40.8078954],[-73.9638152,40.8079924]]}",6,2647.7124261179965,100,26.48
455675302,1504153604,1506591536,"{""type"":""LineString"",""coordinates"":[[-73.9620178,40.8104995],[-73.9620715,40.810521],[-73.9621944,40.8105701]]}",7,10560.977991283005,457,23.11
455675302,1504153604,1506591536,"{""type"":""LineString"",""coordinates"":[[-73.9620178,40.8104995],[-73.9620715,40.810521],[-73.9621944,40.8105701]]}",8,20319.060094372886,894,22.73
524569306,627905367,1506445762,"{""type"":""LineString"",""coordinates"":[[-73.9643043,40.8073074],[-73.9638845,40.8078954],[-73.9638152,40.8079924]]}",7,6197.775376876062,148,41.88
524569306,627905367,1506445762,"{""type"":""LineString"",""coordinates"":[[-73.9643043,40.8073074],[-73.9638845,40.8078954],[-73.9638152,40.8079924]]}",10,7472.757184021567,189,39.54
455675302,1504153604,1506591536,"{""type"":""LineString"",""coordinates"":[[-73.9620178,40.8104995],[-73.9620715,40.810521],[-73.9621944,40.8105701]]}",11,16119.895851021502,724,22.27
455675302,1504153604,1506591536,"{""type"":""LineString"",""coordinates"":[[-73.9620178,40.8104995],[-73.9620715,40.810521],[-73.9621944,40.8105701]]}",12,19482.00739628843,857,22.73
524569306,627905367,1506445762,"{""type"":""LineString"",""coordinates"":[[-73.9643043,40.8073074],[-73.9638845,40.8078954],[-73.9638152,40.8079924]]}",11,8819.368293057763,221,39.91
524569306,627905367,1506445762,"{""type"":""LineString"",""coordinates"":[[-73.9643043,40.8073074],[-73.9638845,40.8078954],[-73.9638152,40.8079924]]}",12,10434.343270937188,251,41.57
455675302,1504153604,1506591536,"{""type"":""LineString"",""coordinates"":[[-73.9620178,40.8104995],[-73.9620715,40.810521],[-73.9621944,40.8105701]]}",13,21835.130135253898,960,22.74
524569306,627905367,1506445762,"{""type"":""LineString"",""coordinates"":[[-73.9643043,40.8073074],[-73.9638845,40.8078954],[-73.9638152,40.8079924]]}",13,12410.465115262701,306,40.56
455675302,1504153604,1506591536,"{""type"":""LineString"",""coordinates"":[[-73.9620178,40.8104995],[-73.9620715,40.810521],[-73.9621944,40.8105701]]}",14,20457.985587102157,905,22.61
524569306,627905367,1506445762,"{""type"":""LineString"",""coordinates"":[[-73.9643043,40.8073074],[-73.9638845,40.8078954],[-73.9638152,40.8079924]]}",16,21026.519873425797,549,38.3
455675302,1504153604,1506591536,"{""type"":""LineString"",""coordinates"":[[-73.9620178,40.8104995],[-73.9620715,40.810521],[-73.9621944,40.8105701]]}",17,29838.35189447607,1425,20.94
524569306,627905367,1506445762,"{""type"":""LineString"",""coordinates"":[[-73.9643043,40.8073074],[-73.9638845,40.8078954],[-73.9638152,40.8079924]]}",17,30829.44999583044,768,40.14
455675302,1504153604,1506591536,"{""type"":""LineString"",""coordinates"":[[-73.9620178,40.8104995],[-73.9620715,40.810521],[-73.9621944,40.8105701]]}",18,31063.669985735683,1413,21.98
524569306,627905367,1506445762,"{""type"":""LineString"",""coordinates"":[[-73.9643043,40.8073074],[-73.9638845,40.8078954],[-73.9638152,40.8079924]]}",19,16479.560755539293,394,41.83
455675302,1504153604,1506591536,"{""type"":""LineString"",""coordinates"":[[-73.9620178,40.8104995],[-73.9620715,40.810521],[-73.9621944,40.8105701]]}",20,22198.10378779993,991,22.4
455675302,1504153604,1506591536,"{""type"":""LineString"",""coordinates"":[[-73.9620178,40.8104995],[-73.9620715,40.810521],[-73.9621944,40.8105701]]}",22,29390.086992475033,1142,25.74
524569306,627905367,1506445762,"{""type"":""LineString"",""coordinates"":[[-73.9643043,40.8073074],[-73.9638845,40.8078954],[-73.9638152,40.8079924]]}",21,17702.13188807108,415,42.66
524569306,627905367,1506445762,"{""type"":""LineString"",""coordinates"":[[-73.9643043,40.8073074],[-73.9638845,40.8078954],[-73.9638152,40.8079924]]}",22,21405.94937077355,487,43.95
455675302,1504153604,1506591536,"{""type"":""LineString"",""coordinates"":[[-73.9620178,40.8104995],[-73.9620715,40.810521],[-73.9621944,40.8105701]]}",23,33112.54928746625,1191,27.8
524569322,42428833,42428814,"{""type"":""LineString"",""coordinates"":[[-73.9644822,40.8073825],[-73.9649464,40.8067455]]}",22,12084.611073377058,471,25.66
327917960,42442578,1504153626,"{""type"":""LineString"",""coordinates"":[[-73.9596325,40.8087475],[-73.9592062,40.8093313]]}",2,77896.75774194907,3124,24.93
402097157,470209120,42428833,"{""type"":""LineString"",""coordinates"":[[-73.9639998,40.8080666],[-73.9644822,40.8073825]]}",9,62222.9790198645,1966,31.65
402097157,470209120,42428833,"{""type"":""LineString"",""coordinates"":[[-73.9639998,40.8080666],[-73.9644822,40.8073825]]}",11,42212.4145886372,1435,29.42
402097156,1506445762,1504153604,"{""type"":""LineString"",""coordinates"":[[-73.9638152,40.8079924],[-73.9637536,40.8080783],[-73.9632294,40.8088095],[-73.9620178,40.8104995]]}",21,32998.623001686356,1274,25.9
327917961,3347295531,3347295528,"{""type"":""LineString"",""coordinates"":[[-73.9608452,40.8070867],[-73.9605114,40.8075439]]}",11,52808.58009023958,1560,33.85
5672656,561035335,1506445711,"{""type"":""LineString"",""coordinates"":[[-73.964761,40.8066676],[-73.9638636,40.8062917],[-73.9628951,40.8058869],[-73.9619961,40.8055105]]}",14,723.2092485287416,39,18.54
49688932,1506445762,470209120,"{""type"":""LineString"",""coordinates"":[[-73.9638152,40.8079924],[-73.9639109,40.8080309],[-73.9639998,40.8080666]]}",9,301.2035218926657,6,50.2
327917960,42442577,42442578,"{""type"":""LineString"",""coordinates"":[[-73.9600943,40.8081151],[-73.9600595,40.8081627],[-73.9596325,40.8087475]]}",0,185106.94319130847,5398,34.29
5671447,627905367,42428833,"{""type"":""LineString"",""coordinates"":[[-73.9643043,40.8073074],[-73.9644105,40.8073522],[-73.9644822,40.8073825]]}",2,535.827830435493,31,17.28
196116984,1506591536,470209120,"{""type"":""LineString"",""coordinates"":[[-73.9621944,40.8105701],[-73.9625796,40.8100359],[-73.9630937,40.809323],[-73.9639998,40.8080666]]}",4,11969.5462714345,304,39.37
5671447,627905367,42428833,"{""type"":""LineString"",""coordinates"":[[-73.9643043,40.8073074],[-73.9644105,40.8073522],[-73.9644822,40.8073825]]}",10,309.5228821790097,21,14.74
196116984,1506591536,470209120,"{""type"":""LineString"",""coordinates"":[[-73.9621944,40.8105701],[-73.9625796,40.8100359],[-73.9630937,40.809323],[-73.9639998,40.8080666]]}",12,34562.879702406404,1043,33.14
327917960,42442578,1504153626,"{""type"":""LineString"",""coordinates"":[[-73.9596325,40.8087475],[-73.9592062,40.8093313]]}",16,46565.834770984664,2272,20.5
195743139,561035335,627905367,"{""type"":""LineString"",""coordinates"":[[-73.964761,40.8066676],[-73.9643043,40.8073074]]}",19,42226.57740058161,1144,36.91
5672656,42428814,561035335,"{""type"":""LineString"",""coordinates"":[[-73.9649464,40.8067455],[-73.9648794,40.8067174],[-73.964761,40.8066676]]}",13,3633.807329757618,261,13.92
5671447,627905367,42428833,"{""type"":""LineString"",""coordinates"":[[-73.9643043,40.8073074],[-73.9644105,40.8073522],[-73.9644822,40.8073825]]}",21,580.692466956997,49,11.85
196116984,1506591536,470209120,"{""type"":""LineString"",""coordinates"":[[-73.9621944,40.8105701],[-73.9625796,40.8100359],[-73.9630937,40.809323],[-73.9639998,40.8080666]]}",23,46790.60362822764,1241,37.7
195743139,561035335,627905367,"{""type"":""LineString"",""coordinates"":[[-73.964761,40.8066676],[-73.9643043,40.8073074]]}",1,44362.87830952962,1133,39.16
195743139,561035335,627905367,"{""type"":""LineString"",""coordinates"":[[-73.964761,40.8066676],[-73.9643043,40.8073074]]}",5,15424.281718507224,352,43.82
195743139,561035335,627905367,"{""type"":""LineString"",""coordinates"":[[-73.964761,40.8066676],[-73.9643043,40.8073074]]}",8,28218.120249731583,844,33.43
5672656,42428814,561035335,"{""type"":""LineString"",""coordinates"":[[-73.9649464,40.8067455],[-73.9648794,40.8067174],[-73.964761,40.8066676]]}",2,1062.8038689851269,67,15.86
195743139,561035335,627905367,"{""type"":""LineString"",""coordinates"":[[-73.964761,40.8066676],[-73.9643043,40.8073074]]}",10,26880.969304322505,798,33.69
5672656,42428814,561035335,"{""type"":""LineString"",""coordinates"":[[-73.9649464,40.8067455],[-73.9648794,40.8067174],[-73.964761,40.8066676]]}",4,1163.0353135230614,60,19.38
195743139,561035335,627905367,"{""type"":""LineString"",""coordinates"":[[-73.964761,40.8066676],[-73.9643043,40.8073074]]}",13,32548.098776702467,871,37.37
5672656,42428814,561035335,"{""type"":""LineString"",""coordinates"":[[-73.9649464,40.8067455],[-73.9648794,40.8067174],[-73.964761,40.8066676]]}",7,4761.341316962,265,17.97
195743139,561035335,627905367,"{""type"":""LineString"",""coordinates"":[[-73.964761,40.8066676],[-73.9643043,40.8073074]]}",14,29777.870515442864,835,35.66
5672656,42428814,561035335,"{""type"":""LineString"",""coordinates"":[[-73.9649464,40.8067455],[-73.9648794,40.8067174],[-73.964761,40.8066676]]}",8,5648.232969059057,350,16.14
5672656,42428814,561035335,"{""type"":""LineString"",""coordinates"":[[-73.9649464,40.8067455],[-73.9648794,40.8067174],[-73.964761,40.8066676]]}",12,4126.695479230789,298,13.85
195743139,561035335,627905367,"{""type"":""LineString"",""coordinates"":[[-73.964761,40.8066676],[-73.9643043,40.8073074]]}",18,59917.24864705481,1662,36.05
195743139,561035335,627905367,"{""type"":""LineString"",""coordinates"":[[-73.964761,40.8066676],[-73.9643043,40.8073074]]}",20,42057.758604111776,1131,37.19
5672656,42428814,561035335,"{""type"":""LineString"",""coordinates"":[[-73.9649464,40.8067455],[-73.9648794,40.8067174],[-73.964761,40.8066676]]}",14,3748.09695613838,265,14.14
5672656,42428814,561035335,"{""type"":""LineString"",""coordinates"":[[-73.9649464,40.8067455],[-73.9648794,40.8067174],[-73.964761,40.8066676]]}",15,4327.832160442368,308,14.05
195743139,561035335,627905367,"{""type"":""LineString"",""coordinates"":[[-73.964761,40.8066676],[-73.9643043,40.8073074]]}",21,47859.17846985511,1279,37.42
5672656,42428814,561035335,"{""type"":""LineString"",""coordinates"":[[-73.9649464,40.8067455],[-73.9648794,40.8067174],[-73.964761,40.8066676]]}",16,4345.039268887413,306,14.2
195743139,561035335,627905367,"{""type"":""LineString"",""coordinates"":[[-73.964761,40.8066676],[-73.9643043,40.8073074]]}",22,56123.24406529966,1467,38.26
46583484,42442575,42437142,"{""type"":""LineString"",""coordinates"":[[-73.9615414,40.8061332],[-73.961103,40.8067337],[-73.9610357,40.8068259]]}",10,57548.18838487426,1778,32.37
46583484,1506445711,42442575,"{""type"":""LineString"",""coordinates"":[[-73.9619961,40.8055105],[-73.9615414,40.8061332]]}",2,67591.16800321572,1655,40.84
327917960,3347295528,42442577,"{""type"":""LineString"",""coordinates"":[[-73.9605114,40.8075439],[-73.9604349,40.8076486],[-73.9600943,40.8081151]]}",0,260394.7080326738,5669,45.93
327917960,3347295528,42442577,"{""type"":""LineString"",""coordinates"":[[-73.9605114,40.8075439],[-73.9604349,40.8076486],[-73.9600943,40.8081151]]}",15,67661.3819194448,1809,37.4
524569322,42428833,42428814,"{""type"":""LineString"",""coordinates"":[[-73.9644822,40.8073825],[-73.9649464,40.8067455]]}",19,14933.08011029359,699,21.36
524569322,42428833,42428814,"{""type"":""LineString"",""coordinates"":[[-73.9644822,40.8073825],[-73.9649464,40.8067455]]}",20,12648.669116196334,534,23.69
327917960,42442578,1504153626,"{""type"":""LineString"",""coordinates"":[[-73.9596325,40.8087475],[-73.9592062,40.8093313]]}",0,104314.32768184513,5296,19.7
327917960,42442578,1504153626,"{""type"":""LineString"",""coordinates"":[[-73.9596325,40.8087475],[-73.9592062,40.8093313]]}",18,90607.8115141456,3686,24.58
402097157,470209120,42428833,"{""type"":""LineString"",""coordinates"":[[-73.9639998,40.8080666],[-73.9644822,40.8073825]]}",8,71789.6374810123,2238,32.08
402097157,470209120,42428833,"{""type"":""LineString"",""coordinates"":[[-73.9639998,40.8080666],[-73.9644822,40.8073825]]}",22,56700.86013642739,1740,32.59
402097156,1506445762,1504153604,"{""type"":""LineString"",""coordinates"":[[-73.9638152,40.8079924],[-73.9637536,40.8080783],[-73.9632294,40.8088095],[-73.9620178,40.8104995]]}",5,18950.751784055767,451,42.02
402097156,1506445762,1504153604,"{""type"":""LineString"",""coordinates"":[[-73.9638152,40.8079924],[-73.9637536,40.8080783],[-73.9632294,40.8088095],[-73.9620178,40.8104995]]}",8,12204.394779524438,616,19.81
402097156,1506445762,1504153604,"{""type"":""LineString"",""coordinates"":[[-73.9638152,40.8079924],[-73.9637536,40.8080783],[-73.9632294,40.8088095],[-73.9620178,40.8104995]]}",17,28102.19620893784,1401,20.06
327917961,3347295531,3347295528,"{""type"":""LineString"",""coordinates"":[[-73.9608452,40.8070867],[-73.9605114,40.8075439]]}",7,80030.19359644267,1884,42.48
327917961,3347295531,3347295528,"{""type"":""LineString"",""coordinates"":[[-73.9608452,40.8070867],[-73.9605114,40.8075439]]}",9,79441.06495006906,2197,36.16
402097156,1506445762,1504153604,"{""type"":""LineString"",""coordinates"":[[-73.9638152,40.8079924],[-73.9637536,40.8080783],[-73.9632294,40.8088095],[-73.9620178,40.8104995]]}",19,23591.39507276261,992,23.78
5672656,561035335,1506445711,"{""type"":""LineString"",""coordinates"":[[-73.964761,40.8066676],[-73.9638636,40.8062917],[-73.9628951,40.8058869],[-73.9619961,40.8055105]]}",3,584.4190053723124,23,25.41
49688932,1506445762,470209120,"{""type"":""LineString"",""coordinates"":[[-73.9638152,40.8079924],[-73.9639109,40.8080309],[-73.9639998,40.8080666]]}",7,24.197592721122998,1,24.2
5672656,561035335,1506445711,"{""type"":""LineString"",""coordinates"":[[-73.964761,40.8066676],[-73.9638636,40.8062917],[-73.9628951,40.8058869],[-73.9619961,40.8055105]]}",12,678.3471504980764,42,16.15
327917960,42442577,42442578,"{""type"":""LineString"",""coordinates"":[[-73.9600943,40.8081151],[-73.9600595,40.8081627],[-73.9596325,40.8087475]]}",1,166308.11560742866,4764,34.91
327917960,42442577,42442578,"{""type"":""LineString"",""coordinates"":[[-73.9600943,40.8081151],[-73.9600595,40.8081627],[-73.9596325,40.8087475]]}",6,45612.11921883503,1355,33.66
46583484,42437142,3347295531,"{""type"":""LineString"",""coordinates"":[[-73.9610357,40.8068259],[-73.9609728,40.806912],[-73.9608452,40.8070867]]}",3,144846.55132527713,3176,45.61
327917960,42442577,42442578,"{""type"":""LineString"",""coordinates"":[[-73.9600943,40.8081151],[-73.9600595,40.8081627],[-73.9596325,40.8087475]]}",7,62944.226277861235,1776,35.44
46583484,42437142,3347295531,"{""type"":""LineString"",""coordinates"":[[-73.9610357,40.8068259],[-73.9609728,40.806912],[-73.9608452,40.8070867]]}",4,125817.0267857191,2716,46.32
46583484,42437142,3347295531,"{""type"":""LineString"",""coordinates"":[[-73.9610357,40.8068259],[-73.9609728,40.806912],[-73.9608452,40.8070867]]}",19,172238.30905277532,4402,39.13
327917960,42442577,42442578,"{""type"":""LineString"",""coordinates"":[[-73.9600943,40.8081151],[-73.9600595,40.8081627],[-73.9596325,40.8087475]]}",22,155082.69481070005,4923,31.5
46583484,42437142,3347295531,"{""type"":""LineString"",""coordinates"":[[-73.9610357,40.8068259],[-73.9609728,40.806912],[-73.9608452,40.8070867]]}",21,211049.98579539394,5164,40.87
196116984,1506591536,470209120,"{""type"":""LineString"",""coordinates"":[[-73.9621944,40.8105701],[-73.9625796,40.8100359],[-73.9630937,40.809323],[-73.9639998,40.8080666]]}",17,58194.79325129729,1700,34.23
5671447,627905367,42428833,"{""type"":""LineString"",""coordinates"":[[-73.9643043,40.8073074],[-73.9644105,40.8073522],[-73.9644822,40.8073825]]}",15,574.6549830134065,51,11.27
